person_uri,labelPer,birthYear,gender,labelPlace,geometry,uriPlace,periods,index_right,reg_name,reg_istat_code_num,reg_istat_code,coded_Region,activityYear,periodsActivity,pk_person_features,occupation_main,occupation_sec1,occupation_sec2,party_sec1,fk_person,codedSecOccupation,codedSecparty
http://www.wikidata.org/entity/Q3839099,Ludovico D'Aragona,1876.0,maschio,Cernusco sul Naviglio,POINT (9.333333 45.516667),http://www.wikidata.org/entity/Q185619,1871-1880,2.0,Lombardia,3.0,3.0,Nord,1911.0,1907-1926,355,politico,sindacalista,mancante,Partito Socialista Italiano,355,sindacalista,Sinistra/Centro Sinistra
http://www.wikidata.org/entity/Q463243,Carlo Sforza,1872.0,maschio,Montignoso,POINT (10.166667 44.016667),http://www.wikidata.org/entity/Q52236,1871-1880,8.0,Toscana,9.0,9.0,Centro,1907.0,1907-1926,461,politico,diplomatico,mancante,Partito Repubblicano Italiano,461,diplomatico,Sinistra/Centro Sinistra
http://www.wikidata.org/entity/Q3771001,Giuseppe Micheli,1874.0,maschio,Parma,POINT (10.328 44.801472),http://www.wikidata.org/entity/Q2683,1871-1880,7.0,Emilia-Romagna,8.0,8.0,Nord,1909.0,1907-1926,331,politico,mancante,mancante,Partito Popolare Italiano,331,mancante,Centro
http://www.wikidata.org/entity/Q1242,Luigi Einaudi,1874.0,maschio,Carrù,POINT (7.883333 44.483333),http://www.wikidata.org/entity/Q19372,1871-1880,0.0,Piemonte,1.0,1.0,Nord,1909.0,1907-1926,41,politico,avvocato,giornalista,Partito Liberale Italiano,41,avvocato,Destra/Centro Destra
http://www.wikidata.org/entity/Q3839683,Luigi Gasparotto,1873.0,maschio,Sacile,POINT (12.50274 45.95412),http://www.wikidata.org/entity/Q53190,1871-1880,5.0,Friuli-Venezia Giulia,6.0,6.0,Nord,1908.0,1907-1926,358,politico,avvocato,mancante,Partito Democratico del Lavoro,358,avvocato,Sinistra/Centro Sinistra
http://www.wikidata.org/entity/Q3766583,Giovanni Battista Bertone,1874.0,maschio,Mondovì,POINT (7.816667 44.383333),http://www.wikidata.org/entity/Q20188,1871-1880,0.0,Piemonte,1.0,1.0,Nord,1909.0,1907-1926,312,politico,mancante,mancante,Partito Popolare Italiano,312,mancante,Centro
http://www.wikidata.org/entity/Q3929057,Raffaele De Caro,1883.0,maschio,Benevento,POINT (14.783333 41.133333),http://www.wikidata.org/entity/Q13437,1881-1890,14.0,Campania,15.0,15.0,Sud,1918.0,1907-1926,406,politico,avvocato,mancante,Partito Liberale Italiano,406,avvocato,Destra/Centro Destra
http://www.wikidata.org/entity/Q366104,Adone Zoli,1887.0,maschio,Cesena,POINT (12.233333 44.133333),http://www.wikidata.org/entity/Q6662,1881-1890,7.0,Emilia-Romagna,8.0,8.0,Nord,1922.0,1907-1926,233,politico,avvocato,partigiano,Democrazia Cristiana,233,avvocato,Centro
http://www.wikidata.org/entity/Q3677256,Cino Macrelli,1887.0,maschio,Sarsina,POINT (12.15 43.916667),http://www.wikidata.org/entity/Q99956,1881-1890,7.0,Emilia-Romagna,8.0,8.0,Nord,1922.0,1907-1926,235,politico,avvocato,giornalista,Partito Repubblicano Italiano,235,avvocato,Sinistra/Centro Sinistra
http://www.wikidata.org/entity/Q3677447,Cipriano Facchinetti,1889.0,maschio,Campobasso,POINT (14.6684 41.561),http://www.wikidata.org/entity/Q3497,1881-1890,13.0,Molise,14.0,14.0,Sud,1924.0,1907-1926,236,politico,giornalista,mancante,Partito Repubblicano Italiano,236,giornalista,Sinistra/Centro Sinistra
http://www.wikidata.org/entity/Q153832,Alcide De Gasperi,1881.0,maschio,Pieve Tesino,POINT (11.60908 46.06906),http://www.wikidata.org/entity/Q298712,1881-1890,3.0,Trentino-Alto Adige/Südtirol,4.0,4.0,Nord,1916.0,1907-1926,81,politico,giornalista,diplomatico,Democrazia Cristiana,81,giornalista,Centro
http://www.wikidata.org/entity/Q3719089,Edgardo Lami Starnuti,1887.0,maschio,Pontedera,POINT (10.632778 43.6625),http://www.wikidata.org/entity/Q103219,1881-1890,8.0,Toscana,9.0,9.0,Centro,1922.0,1907-1926,250,politico,giornalista,mancante,Partito Socialista Democratico Italiano,250,giornalista,Sinistra/Centro Sinistra
http://www.wikidata.org/entity/Q3939601,Rocco Salomone,1883.0,maschio,Pizzo,POINT (16.166667 38.733333),http://www.wikidata.org/entity/Q54727,1881-1890,17.0,Calabria,18.0,18.0,Sud,1918.0,1907-1926,416,politico,mancante,mancante,Democrazia Cristiana,416,mancante,Centro
http://www.wikidata.org/entity/Q3779945,Gustavo Del Vecchio,1883.0,maschio,Lugo,POINT (11.916667 44.416667),http://www.wikidata.org/entity/Q52983,1881-1890,7.0,Emilia-Romagna,8.0,8.0,Nord,1918.0,1907-1926,339,politico,economista,mancante,indipendente,339,economista,indipendente
http://www.wikidata.org/entity/Q3893845,Paolo Cappa,1888.0,maschio,Genova,POINT (8.933983 44.407186),http://www.wikidata.org/entity/Q1449,1881-1890,6.0,Liguria,7.0,7.0,Nord,1923.0,1907-1926,399,politico,giornalista,mancante,Democrazia Cristiana,399,giornalista,Centro
http://www.wikidata.org/entity/Q4003498,Umberto Tupini,1889.0,maschio,Roma,POINT (12.482778 41.893056),http://www.wikidata.org/entity/Q220,1881-1890,11.0,Lazio,12.0,12.0,Centro,1924.0,1907-1926,435,politico,avvocato,mancante,Democrazia Cristiana,435,avvocato,Centro
http://www.wikidata.org/entity/Q1378662,Raffaele de Courten,1888.0,maschio,Milano,POINT (9.19 45.466944),http://www.wikidata.org/entity/Q490,1881-1890,2.0,Lombardia,3.0,3.0,Nord,1923.0,1907-1926,55,politico,militare,mancante,indipendente,55,altro,indipendente
http://www.wikidata.org/entity/Q3680782,Umberto Merlin,1885.0,maschio,Rovigo,POINT (11.794 45.0809),http://www.wikidata.org/entity/Q6572,1881-1890,4.0,Veneto,5.0,5.0,Nord,1920.0,1907-1926,240,politico,mancante,mancante,Democrazia Cristiana,240,mancante,Centro
http://www.wikidata.org/entity/Q1398773,Fausto Gullo,1887.0,maschio,Catanzaro,POINT (16.5875 38.91),http://www.wikidata.org/entity/Q3883,1881-1890,17.0,Calabria,18.0,18.0,Sud,1922.0,1907-1926,62,politico,avvocato,mancante,Partito Comunista Italiano,62,avvocato,Sinistra/Centro Sinistra
http://www.wikidata.org/entity/Q3695463,Costantino Bresciani Turroni,1882.0,maschio,Verona,POINT (10.992778 45.438611),http://www.wikidata.org/entity/Q2028,1881-1890,4.0,Veneto,5.0,5.0,Nord,1917.0,1907-1926,242,politico,economista,statistico,indipendente,242,economista,indipendente
http://www.wikidata.org/entity/Q3726831,Epicarmo Corbino,1890.0,maschio,Augusta,POINT (15.219445 37.230278),http://www.wikidata.org/entity/Q194005,1881-1890,18.0,Sicilia,19.0,19.0,Sud,1925.0,1907-1926,261,politico,economista,mancante,Partito Liberale Italiano,261,economista,Destra/Centro Destra
http://www.wikidata.org/entity/Q677102,Michele De Pietro,1884.0,maschio,Cursi,POINT (18.316667 40.15),http://www.wikidata.org/entity/Q52136,1881-1890,15.0,Puglia,16.0,16.0,Sud,1919.0,1907-1926,533,politico,avvocato,mancante,Democrazia Cristiana,533,avvocato,Centro
http://www.wikidata.org/entity/Q61889293,Pietro Romani,1885.0,maschio,Borgo Valsugana,POINT (11.45 46.05),http://www.wikidata.org/entity/Q246524,1881-1890,3.0,Trentino-Alto Adige/Südtirol,4.0,4.0,Nord,1920.0,1907-1926,520,politico,mancante,mancante,Partito Popolare Italiano,520,mancante,Centro
http://www.wikidata.org/entity/Q3825635,Salvatore Aldisio,1890.0,maschio,Gela,POINT (14.25 37.066667),http://www.wikidata.org/entity/Q39971,1881-1890,18.0,Sicilia,19.0,19.0,Sud,1925.0,1907-1926,343,politico,mancante,mancante,Democrazia Cristiana,343,mancante,Centro
http://www.wikidata.org/entity/Q3617176,Angelo Raffaele Jervolino,1890.0,maschio,Napoli,POINT (14.248611 40.835833),http://www.wikidata.org/entity/Q2634,1881-1890,14.0,Campania,15.0,15.0,Sud,1925.0,1907-1926,206,politico,mancante,mancante,Democrazia Cristiana,206,mancante,Centro
http://www.wikidata.org/entity/Q3779236,Guido Corbellini,1890.0,maschio,Ancona,POINT (13.516667 43.616667),http://www.wikidata.org/entity/Q3415,1881-1890,10.0,Marche,11.0,11.0,Centro,1925.0,1907-1926,337,politico,ingegnere,mancante,Democrazia Cristiana,337,ingegnere,Centro
http://www.wikidata.org/entity/Q3645956,Bruno Villabruna,1884.0,maschio,Santa Giustina,POINT (12.043238 46.083884),http://www.wikidata.org/entity/Q41023,1881-1890,4.0,Veneto,5.0,5.0,Nord,1919.0,1907-1926,221,politico,avvocato,mancante,Partito Liberale Italiano,221,avvocato,Destra/Centro Destra
http://www.wikidata.org/entity/Q2544332,Giuseppe Grassi,1883.0,maschio,Lecce,POINT (18.169139 40.352011),http://www.wikidata.org/entity/Q13386,1881-1890,15.0,Puglia,16.0,16.0,Sud,1918.0,1907-1926,139,politico,avvocato,mancante,Partito Liberale Italiano,139,avvocato,Destra/Centro Destra
http://www.wikidata.org/entity/Q3848450,Mario Cingolani,1883.0,maschio,Roma,POINT (12.482778 41.893056),http://www.wikidata.org/entity/Q220,1881-1890,11.0,Lazio,12.0,12.0,Centro,1918.0,1907-1926,372,politico,mancante,mancante,Democrazia Cristiana,372,mancante,Centro
http://www.wikidata.org/entity/Q599670,Antonio Azara,1883.0,maschio,Tempio Pausania,POINT (9.104361 40.901479),http://www.wikidata.org/entity/Q13645,1881-1890,19.0,Sardegna,20.0,20.0,Sud,1918.0,1907-1926,513,politico,giudice,magistrato,Democrazia Cristiana,513,giudice,Centro
http://www.wikidata.org/entity/Q3608340,Alberto Giovannini,1882.0,maschio,Bologna,POINT (11.342778 44.493889),http://www.wikidata.org/entity/Q1891,1881-1890,7.0,Emilia-Romagna,8.0,8.0,Nord,1917.0,1907-1926,196,politico,economista,mancante,Partito Liberale Italiano,196,economista,Destra/Centro Destra
http://www.wikidata.org/entity/Q3848440,Mario Cevolotto,1887.0,maschio,Treviso,POINT (12.242219 45.672219),http://www.wikidata.org/entity/Q5475,1881-1890,4.0,Veneto,5.0,5.0,Nord,1922.0,1907-1926,371,politico,mancante,mancante,indipendente,371,mancante,indipendente
http://www.wikidata.org/entity/Q3645758,Bruno Fornaciari,1881.0,maschio,Sondrio,POINT (9.87 46.16972),http://www.wikidata.org/entity/Q6274,1881-1890,2.0,Lombardia,3.0,3.0,Nord,1916.0,1907-1926,220,politico,mancante,mancante,Partito Nazionale Fascista,220,mancante,Centro
http://www.wikidata.org/entity/Q3771345,Giuseppe Romita,1887.0,maschio,Tortona,POINT (8.865556 44.894167),http://www.wikidata.org/entity/Q17686,1881-1890,0.0,Piemonte,1.0,1.0,Nord,1922.0,1907-1926,332,politico,mancante,mancante,Partito Socialista Italiano,332,mancante,Sinistra/Centro Sinistra
http://www.wikidata.org/entity/Q3762092,Giacomo Ferrari,1887.0,maschio,Langhirano,POINT (10.266167 44.614528),http://www.wikidata.org/entity/Q100829,1881-1890,7.0,Emilia-Romagna,8.0,8.0,Nord,1922.0,1907-1926,291,politico,partigiano,mancante,Partito Comunista Italiano,291,partigiano,Sinistra/Centro Sinistra
http://www.wikidata.org/entity/Q319156,Rodolfo Graziani,1882.0,maschio,Filettino,POINT (13.333333 41.883333),http://www.wikidata.org/entity/Q116836,1881-1890,11.0,Lazio,12.0,12.0,Centro,1917.0,1907-1926,169,politico,ufficiale,mancante,Movimento Sociale Italiano,169,ufficiale,Centro
http://www.wikidata.org/entity/Q3608296,Alberto Folchi,1897.0,maschio,Roma,POINT (12.482778 41.893056),http://www.wikidata.org/entity/Q220,1891-1900,11.0,Lazio,12.0,12.0,Centro,1932.0,1927-1946,195,politico,mancante,mancante,Democrazia Cristiana,195,mancante,Centro
http://www.wikidata.org/entity/Q956836,Manlio Brosio,1897.0,maschio,Torino,POINT (7.676111 45.079167),http://www.wikidata.org/entity/Q495,1891-1900,0.0,Piemonte,1.0,1.0,Nord,1932.0,1927-1946,574,politico,avvocato,diplomatico,Partito Liberale Italiano,574,avvocato,Destra/Centro Destra
http://www.wikidata.org/entity/Q139055,Gaetano Martino,1900.0,maschio,Messina,POINT (15.554167 38.193611),http://www.wikidata.org/entity/Q13666,1891-1900,18.0,Sicilia,19.0,19.0,Sud,1935.0,1927-1946,58,politico,diplomatico,medico,Partito Liberale Italiano,58,diplomatico,Destra/Centro Destra
http://www.wikidata.org/entity/Q3903741,Pietro Campilli,1891.0,maschio,Frascati,POINT (12.683333 41.816667),http://www.wikidata.org/entity/Q190963,1891-1900,11.0,Lazio,12.0,12.0,Centro,1926.0,1907-1926,403,politico,mancante,mancante,Democrazia Cristiana,403,mancante,Centro
http://www.wikidata.org/entity/Q3839399,Luigi Cacciatore,1900.0,maschio,Mercato San Severino,POINT (14.734761 40.783128),http://www.wikidata.org/entity/Q81049,1891-1900,14.0,Campania,15.0,15.0,Sud,1935.0,1927-1946,357,politico,sindacalista,mancante,Partito Socialista Italiano,357,sindacalista,Sinistra/Centro Sinistra
http://www.wikidata.org/entity/Q3766892,Giovanni Braschi,1891.0,maschio,Mercato Saraceno,POINT (12.2 43.95),http://www.wikidata.org/entity/Q99946,1891-1900,7.0,Emilia-Romagna,8.0,8.0,Nord,1926.0,1907-1926,314,politico,mancante,mancante,Democrazia Cristiana,314,mancante,Centro
http://www.wikidata.org/entity/Q539486,Pietro Nenni,1891.0,maschio,Faenza,POINT (11.883333 44.285556),http://www.wikidata.org/entity/Q52981,1891-1900,7.0,Emilia-Romagna,8.0,8.0,Nord,1926.0,1907-1926,491,politico,giornalista,diplomatico,Partito Socialista Italiano,491,giornalista,Sinistra/Centro Sinistra
http://www.wikidata.org/entity/Q1528653,Giuseppe Spataro,1897.0,maschio,Vasto,POINT (14.70822 42.111589),http://www.wikidata.org/entity/Q51313,1891-1900,12.0,Abruzzo,13.0,13.0,Sud,1932.0,1927-1946,78,politico,avvocato,mancante,Democrazia Cristiana,78,avvocato,Centro
http://www.wikidata.org/entity/Q1053876,Randolfo Pacciardi,1899.0,maschio,Giuncarico,POINT (10.991945 42.906945),http://www.wikidata.org/entity/Q2456297,1891-1900,8.0,Toscana,9.0,9.0,Centro,1934.0,1927-1946,4,politico,avvocato,giornalista,Partito Repubblicano Italiano,4,avvocato,Sinistra/Centro Sinistra
http://www.wikidata.org/entity/Q3736430,Ezio Vigorelli,1892.0,maschio,Lecco,POINT (9.39048 45.85334),http://www.wikidata.org/entity/Q6237,1891-1900,2.0,Lombardia,3.0,3.0,Nord,1927.0,1927-1946,263,politico,partigiano,mancante,Partito Socialista Italiano,263,partigiano,Sinistra/Centro Sinistra
http://www.wikidata.org/entity/Q1526333,Giovanni Ponti,1896.0,maschio,Venezia,POINT (12.331944 45.439722),http://www.wikidata.org/entity/Q641,1891-1900,4.0,Veneto,5.0,5.0,Nord,1931.0,1927-1946,76,politico,professore-universitario,partigiano,Democrazia Cristiana,76,professore,Centro
http://www.wikidata.org/entity/Q562209,Cesare Merzagora,1898.0,maschio,Milano,POINT (9.19 45.466944),http://www.wikidata.org/entity/Q490,1891-1900,2.0,Lombardia,3.0,3.0,Nord,1933.0,1927-1946,506,politico,banchiere,mancante,indipendente,506,imprenditore,indipendente
http://www.wikidata.org/entity/Q3992013,Tiziano Tessitori,1895.0,maschio,Sedegliano,POINT (12.974722 46.013889),http://www.wikidata.org/entity/Q53365,1891-1900,5.0,Friuli-Venezia Giulia,6.0,6.0,Nord,1930.0,1927-1946,433,politico,avvocato,mancante,Democrazia Cristiana,433,avvocato,Centro
http://www.wikidata.org/entity/Q343323,Attilio Piccioni,1892.0,maschio,Poggio Bustone,POINT (12.883333 42.5),http://www.wikidata.org/entity/Q224300,1891-1900,11.0,Lazio,12.0,12.0,Centro,1927.0,1927-1946,184,politico,diplomatico,mancante,Democrazia Cristiana,184,diplomatico,Centro
http://www.wikidata.org/entity/Q3608581,Alberto Simonini,1896.0,maschio,Reggio Emilia,POINT (10.633333 44.7),http://www.wikidata.org/entity/Q13360,1891-1900,7.0,Emilia-Romagna,8.0,8.0,Nord,1931.0,1927-1946,197,politico,mancante,mancante,Partito Socialista Democratico Italiano,197,mancante,Sinistra/Centro Sinistra
http://www.wikidata.org/entity/Q1370804,Piero Malvestiti,1899.0,maschio,Apiro,POINT (13.13027 43.393064),http://www.wikidata.org/entity/Q73249,1891-1900,10.0,Marche,11.0,11.0,Centro,1934.0,1927-1946,51,politico,giornalista,mancante,Democrazia Cristiana,51,giornalista,Centro
http://www.wikidata.org/entity/Q3659021,Carlo Arnaudi,1899.0,maschio,Torino,POINT (7.676111 45.079167),http://www.wikidata.org/entity/Q495,1891-1900,0.0,Piemonte,1.0,1.0,Nord,1934.0,1927-1946,226,politico,insegnante,mancante,Partito Socialista Italiano,226,professore,Sinistra/Centro Sinistra
http://www.wikidata.org/entity/Q3852926,Mauro Scoccimarro,1895.0,maschio,Udine,POINT (13.233333 46.066667),http://www.wikidata.org/entity/Q2790,1891-1900,5.0,Friuli-Venezia Giulia,6.0,6.0,Nord,1930.0,1927-1946,385,politico,partigiano,mancante,Partito Comunista Italiano,385,partigiano,Sinistra/Centro Sinistra
http://www.wikidata.org/entity/Q3770843,Giuseppe Lupis,1896.0,maschio,Ragusa,POINT (14.730556 36.925),http://www.wikidata.org/entity/Q13674,1891-1900,18.0,Sicilia,19.0,19.0,Sud,1931.0,1927-1946,330,politico,avvocato,giornalista,Partito Socialista Democratico Italiano,330,avvocato,Sinistra/Centro Sinistra
http://www.wikidata.org/entity/Q122901,Giuseppe Ermini,1900.0,maschio,Roma,POINT (12.482778 41.893056),http://www.wikidata.org/entity/Q220,1891-1900,11.0,Lazio,12.0,12.0,Centro,1935.0,1927-1946,35,politico,professore-universitario,giurista,Democrazia Cristiana,35,professore,Centro
http://www.wikidata.org/entity/Q3946218,Salvatore Scoca,1894.0,maschio,Calitri,POINT (15.433333 40.901111),http://www.wikidata.org/entity/Q55012,1891-1900,14.0,Campania,15.0,15.0,Sud,1929.0,1927-1946,422,politico,professore-universitario,giurista,Democrazia Cristiana,422,professore,Centro
http://www.wikidata.org/entity/Q3894432,Paolo Rossi,1900.0,maschio,Bordighera,POINT (7.672128 43.778897),http://www.wikidata.org/entity/Q268214,1891-1900,6.0,Liguria,7.0,7.0,Nord,1935.0,1927-1946,400,politico,giurista,mancante,Partito Socialista Italiano di Unità Proletaria,400,giurista,Sinistra/Centro Sinistra
http://www.wikidata.org/entity/Q1238,Giuseppe Saragat,1898.0,maschio,Torino,POINT (7.676111 45.079167),http://www.wikidata.org/entity/Q495,1891-1900,0.0,Piemonte,1.0,1.0,Nord,1933.0,1927-1946,38,politico,diplomatico,mancante,Partito Socialista Democratico Italiano,38,diplomatico,Sinistra/Centro Sinistra
http://www.wikidata.org/entity/Q968365,Ennio Zelioli-Lanzini,1899.0,maschio,San Giovanni in Croce,POINT (10.366667 45.083333),http://www.wikidata.org/entity/Q43072,1891-1900,2.0,Lombardia,3.0,3.0,Nord,1934.0,1927-1946,575,politico,avvocato,mancante,Democrazia Cristiana,575,avvocato,Centro
http://www.wikidata.org/entity/Q517446,Vincenzo Monaldi,1899.0,maschio,Monte Vidon Combatte,POINT (13.63032 43.049789),http://www.wikidata.org/entity/Q59263,1891-1900,10.0,Marche,11.0,11.0,Centro,1934.0,1927-1946,480,politico,medico,fisiologo,Democrazia Cristiana,480,medico,Centro
http://www.wikidata.org/entity/Q3604391,Achille Marazza,1894.0,maschio,Borgomanero,POINT (8.466667 45.7),http://www.wikidata.org/entity/Q22111,1891-1900,0.0,Piemonte,1.0,1.0,Nord,1929.0,1927-1946,189,politico,mancante,mancante,Democrazia Cristiana,189,mancante,Centro
http://www.wikidata.org/entity/Q3939205,Roberto Tremelloni,1900.0,maschio,Milano,POINT (9.19 45.466944),http://www.wikidata.org/entity/Q490,1891-1900,2.0,Lombardia,3.0,3.0,Nord,1935.0,1927-1946,415,politico,economista,personalità-del-mondo-degli-affari,Partito Socialista Democratico Italiano,415,economista,Sinistra/Centro Sinistra
http://www.wikidata.org/entity/Q19727861,Raffaele Pio Petrilli,1892.0,maschio,Napoli,POINT (14.248611 40.835833),http://www.wikidata.org/entity/Q2634,1891-1900,14.0,Campania,15.0,15.0,Sud,1927.0,1927-1946,118,politico,mancante,mancante,Democrazia Cristiana,118,mancante,Centro
http://www.wikidata.org/entity/Q3622881,Armando Angelini,1891.0,maschio,Seravezza,POINT (10.233333 44),http://www.wikidata.org/entity/Q221193,1891-1900,8.0,Toscana,9.0,9.0,Centro,1926.0,1907-1926,214,politico,mancante,mancante,Democrazia Cristiana,214,mancante,Centro
http://www.wikidata.org/entity/Q1240,Antonio Segni,1891.0,maschio,Sassari,POINT (8.559167 40.726667),http://www.wikidata.org/entity/Q13629,1891-1900,19.0,Sardegna,20.0,20.0,Sud,1926.0,1907-1926,39,politico,diplomatico,presidente-della-repubblica,Democrazia Cristiana,39,diplomatico,Centro
http://www.wikidata.org/entity/Q1747666,Oronzo Reale,1902.0,maschio,Lecce,POINT (18.169139 40.352011),http://www.wikidata.org/entity/Q13386,1901-1910,15.0,Puglia,16.0,16.0,Sud,1937.0,1927-1946,102,politico,avvocato,giudice,Partito Repubblicano Italiano,102,avvocato,Sinistra/Centro Sinistra
http://www.wikidata.org/entity/Q17453074,Giorgio Bergamasco,1904.0,maschio,Milano,POINT (9.19 45.466944),http://www.wikidata.org/entity/Q490,1901-1910,2.0,Lombardia,3.0,3.0,Nord,1939.0,1927-1946,101,politico,avvocato,mancante,Partito Liberale Italiano,101,avvocato,Destra/Centro Destra
http://www.wikidata.org/entity/Q3713107,Domenico Magrì,1903.0,maschio,Catania,POINT (15.087269 37.502669),http://www.wikidata.org/entity/Q1903,1901-1910,18.0,Sicilia,19.0,19.0,Sud,1938.0,1927-1946,249,politico,mancante,mancante,Democrazia Cristiana,249,mancante,Centro
http://www.wikidata.org/entity/Q677821,Giuseppe Caron,1904.0,maschio,Treviso,POINT (12.242219 45.672219),http://www.wikidata.org/entity/Q5475,1901-1910,4.0,Veneto,5.0,5.0,Nord,1939.0,1927-1946,534,politico,mancante,mancante,Democrazia Cristiana,534,mancante,Centro
http://www.wikidata.org/entity/Q16561152,Giusto Tolloy,1908.0,maschio,Trieste,POINT (13.770278 45.650278),http://www.wikidata.org/entity/Q546,1901-1910,5.0,Friuli-Venezia Giulia,6.0,6.0,Nord,1943.0,1927-1946,96,politico,partigiano,mancante,Partito Socialista Italiano,96,partigiano,Sinistra/Centro Sinistra
http://www.wikidata.org/entity/Q320963,Giuseppe Pella,1902.0,maschio,Valdengo,POINT (8.134149 45.566784),http://www.wikidata.org/entity/Q18181,1901-1910,0.0,Piemonte,1.0,1.0,Nord,1937.0,1927-1946,172,politico,economista,diplomatico,Democrazia Cristiana,172,economista,Centro
http://www.wikidata.org/entity/Q180195,Giovanni Spagnolli,1907.0,maschio,Rovereto,POINT (11.034167 45.883333),http://www.wikidata.org/entity/Q279373,1901-1910,3.0,Trentino-Alto Adige/Südtirol,4.0,4.0,Nord,1942.0,1927-1946,105,politico,mancante,mancante,Democrazia Cristiana,105,mancante,Centro
http://www.wikidata.org/entity/Q3697046,Crescenzo Mazza,1910.0,maschio,Torre del Greco,POINT (14.395278 40.785278),http://www.wikidata.org/entity/Q72719,1901-1910,14.0,Campania,15.0,15.0,Sud,1945.0,1927-1946,243,politico,mancante,mancante,Democrazia Cristiana,243,mancante,Centro
http://www.wikidata.org/entity/Q323998,Giuseppe Medici,1907.0,maschio,Sassuolo,POINT (10.785556 44.551667),http://www.wikidata.org/entity/Q8598,1901-1910,7.0,Emilia-Romagna,8.0,8.0,Nord,1942.0,1927-1946,173,politico,professore-universitario,economista,Democrazia Cristiana,173,professore,Centro
http://www.wikidata.org/entity/Q18704080,Giuseppe Trabucchi,1904.0,maschio,Verona,POINT (10.992778 45.438611),http://www.wikidata.org/entity/Q2028,1901-1910,4.0,Veneto,5.0,5.0,Nord,1939.0,1927-1946,111,politico,avvocato,mancante,Democrazia Cristiana,111,avvocato,Centro
http://www.wikidata.org/entity/Q18784995,Virginio Bertinelli,1901.0,maschio,Como,POINT (9.086139 45.81025),http://www.wikidata.org/entity/Q1308,1901-1910,2.0,Lombardia,3.0,3.0,Nord,1936.0,1927-1946,112,politico,mancante,mancante,Partito Socialista Democratico Italiano,112,mancante,Sinistra/Centro Sinistra
http://www.wikidata.org/entity/Q3769740,Giulio Pastore,1902.0,maschio,Genova,POINT (8.933983 44.407186),http://www.wikidata.org/entity/Q1449,1901-1910,6.0,Liguria,7.0,7.0,Nord,1937.0,1927-1946,325,politico,mancante,mancante,Democrazia Cristiana,325,mancante,Centro
http://www.wikidata.org/entity/Q3770116,Giuseppe Bettiol,1907.0,maschio,Cervignano del Friuli,POINT (13.335 45.823056),http://www.wikidata.org/entity/Q53241,1901-1910,5.0,Friuli-Venezia Giulia,6.0,6.0,Nord,1942.0,1927-1946,327,politico,giurista,mancante,Democrazia Cristiana,327,giurista,Centro
http://www.wikidata.org/entity/Q367342,Mario Scelba,1901.0,maschio,Caltagirone,POINT (14.516667 37.233333),http://www.wikidata.org/entity/Q478258,1901-1910,18.0,Sicilia,19.0,19.0,Sud,1936.0,1927-1946,234,politico,avvocato,mancante,Democrazia Cristiana,234,avvocato,Centro
http://www.wikidata.org/entity/Q3619868,Antonio Maxia,1904.0,maschio,Roma,POINT (12.482778 41.893056),http://www.wikidata.org/entity/Q220,1901-1910,11.0,Lazio,12.0,12.0,Centro,1939.0,1927-1946,212,politico,mancante,mancante,Democrazia Cristiana,212,mancante,Centro
http://www.wikidata.org/entity/Q3651507,Camillo Giardina,1907.0,maschio,Pavia,POINT (9.155 45.185281),http://www.wikidata.org/entity/Q6259,1901-1910,2.0,Lombardia,3.0,3.0,Nord,1942.0,1927-1946,223,politico,mancante,mancante,Democrazia Cristiana,223,mancante,Centro
http://www.wikidata.org/entity/Q273228,Amintore Fanfani,1908.0,maschio,Pieve Santo Stefano,POINT (12.042222 43.6725),http://www.wikidata.org/entity/Q52094,1901-1910,8.0,Toscana,9.0,9.0,Centro,1943.0,1927-1946,143,politico,professore-universitario,economista,Democrazia Cristiana,143,professore,Centro
http://www.wikidata.org/entity/Q3638792,Bernardo Mattarella,1905.0,maschio,Castellammare del Golfo,POINT (12.880556 38.026389),http://www.wikidata.org/entity/Q481642,1901-1910,18.0,Sicilia,19.0,19.0,Sud,1940.0,1927-1946,218,politico,avvocato,mancante,Democrazia Cristiana,218,avvocato,Centro
http://www.wikidata.org/entity/Q314004,Fernando Tambroni,1901.0,maschio,Ascoli Piceno,POINT (13.575278 42.854722),http://www.wikidata.org/entity/Q6624,1901-1910,10.0,Marche,11.0,11.0,Centro,1936.0,1927-1946,166,politico,mancante,mancante,Democrazia Cristiana,166,mancante,Centro
http://www.wikidata.org/entity/Q17490296,Mario Martinelli,1906.0,maschio,Como,POINT (9.086139 45.81025),http://www.wikidata.org/entity/Q1308,1901-1910,2.0,Lombardia,3.0,3.0,Nord,1941.0,1927-1946,104,politico,mancante,mancante,Democrazia Cristiana,104,mancante,Centro
http://www.wikidata.org/entity/Q3938911,Roberto Lucifredi,1909.0,maschio,Genova,POINT (8.933983 44.407186),http://www.wikidata.org/entity/Q1449,1901-1910,6.0,Liguria,7.0,7.0,Nord,1944.0,1927-1946,412,politico,insegnante,mancante,Democrazia Cristiana,412,professore,Centro
http://www.wikidata.org/entity/Q3609138,Aldo Bozzi,1909.0,maschio,Roma,POINT (12.482778 41.893056),http://www.wikidata.org/entity/Q220,1901-1910,11.0,Lazio,12.0,12.0,Centro,1944.0,1927-1946,199,politico,mancante,mancante,Partito Liberale Italiano,199,mancante,Destra/Centro Destra
http://www.wikidata.org/entity/Q3779241,Guido Cortese,1908.0,maschio,Napoli,POINT (14.248611 40.835833),http://www.wikidata.org/entity/Q2634,1901-1910,14.0,Campania,15.0,15.0,Sud,1943.0,1927-1946,338,politico,mancante,mancante,Partito Liberale Italiano,338,mancante,Destra/Centro Destra
http://www.wikidata.org/entity/Q1248333,Ugo La Malfa,1903.0,maschio,Palermo,POINT (13.361262 38.115658),http://www.wikidata.org/entity/Q2656,1901-1910,18.0,Sicilia,19.0,19.0,Sud,1938.0,1927-1946,43,politico,mancante,mancante,Partito d'Azione,43,mancante,Sinistra/Centro Sinistra
http://www.wikidata.org/entity/Q3766748,Giovanni Battista Scaglia,1910.0,maschio,San Pellegrino Terme,POINT (9.666667 45.833333),http://www.wikidata.org/entity/Q101551,1901-1910,2.0,Lombardia,3.0,3.0,Nord,1945.0,1927-1946,313,politico,mancante,mancante,Democrazia Cristiana,313,mancante,Centro
http://www.wikidata.org/entity/Q3616954,Angelo De Luca,1904.0,maschio,Casalincontrada,POINT (14.133333 42.3),http://www.wikidata.org/entity/Q51197,1901-1910,12.0,Abruzzo,13.0,13.0,Sud,1939.0,1927-1946,204,politico,mancante,mancante,Democrazia Cristiana,204,mancante,Centro
http://www.wikidata.org/entity/Q3759791,Gennaro Cassiani,1903.0,maschio,Spezzano Albanese,POINT (16.316667 39.666667),http://www.wikidata.org/entity/Q54005,1901-1910,17.0,Calabria,18.0,18.0,Sud,1938.0,1927-1946,287,politico,avvocato,mancante,Democrazia Cristiana,287,avvocato,Centro
http://www.wikidata.org/entity/Q3804736,Ivan Matteo Lombardo,1902.0,maschio,Milano,POINT (9.19 45.466944),http://www.wikidata.org/entity/Q490,1901-1910,2.0,Lombardia,3.0,3.0,Nord,1937.0,1927-1946,342,politico,mancante,mancante,Partito Socialista Italiano,342,mancante,Sinistra/Centro Sinistra
http://www.wikidata.org/entity/Q3388096,Pietro Bucalossi,1905.0,maschio,San Miniato,POINT (10.85 43.683333),http://www.wikidata.org/entity/Q103244,1901-1910,8.0,Toscana,9.0,9.0,Centro,1940.0,1927-1946,182,politico,medico,oncologo,Partito Repubblicano Italiano,182,medico,Sinistra/Centro Sinistra
http://www.wikidata.org/entity/Q3757131,Gaetano Stammati,1908.0,maschio,Napoli,POINT (14.248611 40.835833),http://www.wikidata.org/entity/Q2634,1901-1910,14.0,Campania,15.0,15.0,Sud,1943.0,1927-1946,286,politico,mancante,mancante,Democrazia Cristiana,286,mancante,Centro
http://www.wikidata.org/entity/Q3830715,Leopoldo Rubinacci,1903.0,maschio,San Giorgio a Cremano,POINT (14.333333 40.833333),http://www.wikidata.org/entity/Q72497,1901-1910,14.0,Campania,15.0,15.0,Sud,1938.0,1927-1946,346,politico,mancante,mancante,Democrazia Cristiana,346,mancante,Centro
http://www.wikidata.org/entity/Q3736429,Ezio Vanoni,1903.0,maschio,Morbegno,POINT (9.566667 46.133333),http://www.wikidata.org/entity/Q40094,1901-1910,2.0,Lombardia,3.0,3.0,Nord,1938.0,1927-1946,262,politico,economista,mancante,Democrazia Cristiana,262,economista,Centro
http://www.wikidata.org/entity/Q1499564,Silvio Gava,1901.0,maschio,Vittorio Veneto,POINT (12.3 45.983333),http://www.wikidata.org/entity/Q47578,1901-1910,4.0,Veneto,5.0,5.0,Nord,1936.0,1927-1946,70,politico,avvocato,mancante,Democrazia Cristiana,70,avvocato,Centro
http://www.wikidata.org/entity/Q3946250,Salvatore Valitutti,1907.0,maschio,Bellosguardo,POINT (15.31219 40.42222),http://www.wikidata.org/entity/Q80661,1901-1910,14.0,Campania,15.0,15.0,Sud,1942.0,1927-1946,423,politico,insegnante,mancante,Partito Liberale Italiano,423,professore,Destra/Centro Destra
http://www.wikidata.org/entity/Q3750222,Francesco Maria Dominedò,1903.0,maschio,Roma,POINT (12.482778 41.893056),http://www.wikidata.org/entity/Q220,1901-1910,11.0,Lazio,12.0,12.0,Centro,1938.0,1927-1946,278,politico,mancante,mancante,Democrazia Cristiana,278,mancante,Centro
http://www.wikidata.org/entity/Q3946117,Salvatore Mannironi,1901.0,maschio,Nuoro,POINT (9.328079 40.320062),http://www.wikidata.org/entity/Q13649,1901-1910,19.0,Sardegna,20.0,20.0,Sud,1936.0,1927-1946,421,politico,avvocato,mancante,Democrazia Cristiana,421,avvocato,Centro
http://www.wikidata.org/entity/Q3720404,Egidio Tosato,1902.0,maschio,Vicenza,POINT (11.55 45.55),http://www.wikidata.org/entity/Q6537,1901-1910,4.0,Veneto,5.0,5.0,Nord,1937.0,1927-1946,254,politico,giurista,mancante,Democrazia Cristiana,254,giurista,Centro
http://www.wikidata.org/entity/Q1553555,Guido Gonella,1905.0,maschio,Verona,POINT (10.992778 45.438611),http://www.wikidata.org/entity/Q2028,1901-1910,4.0,Veneto,5.0,5.0,Nord,1940.0,1927-1946,82,politico,professore-universitario,giornalista,Democrazia Cristiana,82,professore,Centro
http://www.wikidata.org/entity/Q3939978,Rodolfo Morandi,1902.0,maschio,Milano,POINT (9.19 45.466944),http://www.wikidata.org/entity/Q490,1901-1910,2.0,Lombardia,3.0,3.0,Nord,1937.0,1927-1946,417,politico,economista,partigiano,Partito Socialista Italiano,417,economista,Sinistra/Centro Sinistra
http://www.wikidata.org/entity/Q1522032,Giacinto Bosco,1905.0,maschio,Santa Maria Capua Vetere,POINT (14.25 41.083333),http://www.wikidata.org/entity/Q58894,1901-1910,14.0,Campania,15.0,15.0,Sud,1940.0,1927-1946,74,politico,professore-universitario,giudice,Democrazia Cristiana,74,professore,Centro
http://www.wikidata.org/entity/Q3771530,Giuseppe Togni,1903.0,maschio,Pontedera,POINT (10.632778 43.6625),http://www.wikidata.org/entity/Q103219,1901-1910,8.0,Toscana,9.0,9.0,Centro,1938.0,1927-1946,333,politico,mancante,mancante,Democrazia Cristiana,333,mancante,Centro
http://www.wikidata.org/entity/Q3724526,Emilio Sereni,1907.0,maschio,Roma,POINT (12.482778 41.893056),http://www.wikidata.org/entity/Q220,1901-1910,11.0,Lazio,12.0,12.0,Centro,1942.0,1927-1946,256,politico,partigiano,scrittore,Partito Comunista Italiano,256,partigiano,Sinistra/Centro Sinistra
http://www.wikidata.org/entity/Q3804413,Italo Giulio Caiati,1916.0,maschio,Bitonto,POINT (16.691667 41.108333),http://www.wikidata.org/entity/Q19278,1911-1920,15.0,Puglia,16.0,16.0,Sud,1951.0,1947-1966,341,politico,mancante,mancante,Democrazia Cristiana,341,mancante,Centro
http://www.wikidata.org/entity/Q3849140,Mario Tanassi,1916.0,maschio,Ururi,POINT (15.016667 41.816667),http://www.wikidata.org/entity/Q278395,1911-1920,13.0,Molise,14.0,14.0,Sud,1951.0,1947-1966,377,politico,mancante,mancante,Partito Socialista Democratico Italiano,377,mancante,Sinistra/Centro Sinistra
http://www.wikidata.org/entity/Q1123857,Paolo Barile,1917.0,maschio,Bologna,POINT (11.342778 44.493889),http://www.wikidata.org/entity/Q1891,1911-1920,7.0,Emilia-Romagna,8.0,8.0,Nord,1952.0,1947-1966,21,politico,avvocato,giurista,Partito d'Azione,21,avvocato,Sinistra/Centro Sinistra
http://www.wikidata.org/entity/Q3848567,Mario Ferrari Aggradi,1916.0,maschio,La Maddalena,POINT (9.40833 41.21424),http://www.wikidata.org/entity/Q340757,1911-1920,19.0,Sardegna,20.0,20.0,Sud,1951.0,1947-1966,374,politico,mancante,mancante,Democrazia Cristiana,374,mancante,Centro
http://www.wikidata.org/entity/Q50005,Giulio Andreotti,1919.0,maschio,Roma,POINT (12.482778 41.893056),http://www.wikidata.org/entity/Q220,1911-1920,11.0,Lazio,12.0,12.0,Centro,1954.0,1947-1966,476,politico,giornalista,diplomatico,Democrazia Cristiana,476,giornalista,Centro
http://www.wikidata.org/entity/Q3848931,Mario Pedini,1918.0,maschio,Montichiari,POINT (10.3917 45.4161),http://www.wikidata.org/entity/Q105256,1911-1920,2.0,Lombardia,3.0,3.0,Nord,1953.0,1947-1966,375,politico,mancante,mancante,Democrazia Cristiana,375,mancante,Centro
http://www.wikidata.org/entity/Q3762008,Giacomo Brodolini,1920.0,maschio,Recanati,POINT (13.55253 43.39855),http://www.wikidata.org/entity/Q83362,1911-1920,10.0,Marche,11.0,11.0,Centro,1955.0,1947-1966,290,politico,mancante,mancante,Partito Socialista Italiano,290,mancante,Sinistra/Centro Sinistra
http://www.wikidata.org/entity/Q2631089,Italo Viglianesi,1916.0,maschio,Caltagirone,POINT (14.516667 37.233333),http://www.wikidata.org/entity/Q478258,1911-1920,18.0,Sicilia,19.0,19.0,Sud,1951.0,1947-1966,141,politico,sindacalista,mancante,Partito Socialista Democratico Italiano,141,sindacalista,Sinistra/Centro Sinistra
http://www.wikidata.org/entity/Q3645960,Bruno Visentini,1914.0,maschio,Treviso,POINT (12.242219 45.672219),http://www.wikidata.org/entity/Q5475,1911-1920,4.0,Veneto,5.0,5.0,Nord,1949.0,1947-1966,222,politico,professore-universitario,imprenditore,Partito Repubblicano Italiano,222,professore,Sinistra/Centro Sinistra
http://www.wikidata.org/entity/Q3767938,Giovanni Pieraccini,1918.0,maschio,Viareggio,POINT (10.250605 43.867239),http://www.wikidata.org/entity/Q221377,1911-1920,8.0,Toscana,9.0,9.0,Centro,1953.0,1947-1966,321,politico,giornalista,mancante,Partito Socialista Italiano,321,giornalista,Sinistra/Centro Sinistra
http://www.wikidata.org/entity/Q3762167,Giacomo Mancini,1916.0,maschio,Cosenza,POINT (16.25 39.3),http://www.wikidata.org/entity/Q13619,1911-1920,17.0,Calabria,18.0,18.0,Sud,1951.0,1947-1966,292,politico,mancante,mancante,Partito Socialista Italiano,292,mancante,Sinistra/Centro Sinistra
http://www.wikidata.org/entity/Q30332120,Mario Pavan,1918.0,maschio,Vado Ligure,POINT (8.43607 44.269175),http://www.wikidata.org/entity/Q271350,1911-1920,6.0,Liguria,7.0,7.0,Nord,1953.0,1947-1966,155,politico,professore-universitario,ecologo,indipendente,155,professore,indipendente
http://www.wikidata.org/entity/Q3840053,Luigi Preti,1914.0,maschio,Ferrara,POINT (11.6175 44.839167),http://www.wikidata.org/entity/Q13362,1911-1920,7.0,Emilia-Romagna,8.0,8.0,Nord,1949.0,1947-1966,363,politico,avvocato,giornalista,Partito Socialista Democratico Italiano,363,avvocato,Sinistra/Centro Sinistra
http://www.wikidata.org/entity/Q3049593,Oddo Biasini,1917.0,maschio,Cesena,POINT (12.233333 44.133333),http://www.wikidata.org/entity/Q6662,1911-1920,7.0,Emilia-Romagna,8.0,8.0,Nord,1952.0,1947-1966,157,politico,partigiano,insegnante,Partito Repubblicano Italiano,157,partigiano,Sinistra/Centro Sinistra
http://www.wikidata.org/entity/Q3628086,Athos Valsecchi,1919.0,maschio,Gravedona,POINT (9.3 46.15),http://www.wikidata.org/entity/Q10729538,1911-1920,2.0,Lombardia,3.0,3.0,Nord,1954.0,1947-1966,215,politico,mancante,mancante,Democrazia Cristiana,215,mancante,Centro
http://www.wikidata.org/entity/Q3056712,Ermanno Gorrieri,1920.0,maschio,Magreta,POINT (10.79543 44.59804),http://www.wikidata.org/entity/Q16268490,1911-1920,7.0,Emilia-Romagna,8.0,8.0,Nord,1955.0,1947-1966,159,politico,partigiano,sociologo,Democrazia Cristiana,159,partigiano,Centro
http://www.wikidata.org/entity/Q3839845,Luigi Mariotti,1912.0,maschio,Firenze,POINT (11.254167 43.771389),http://www.wikidata.org/entity/Q2044,1911-1920,8.0,Toscana,9.0,9.0,Centro,1947.0,1947-1966,360,politico,mancante,mancante,Partito Socialista Italiano,360,mancante,Sinistra/Centro Sinistra
http://www.wikidata.org/entity/Q602239,Antonio Giolitti,1915.0,maschio,Roma,POINT (12.482778 41.893056),http://www.wikidata.org/entity/Q220,1911-1920,11.0,Lazio,12.0,12.0,Centro,1950.0,1947-1966,514,politico,partigiano,mancante,Partito Socialista Italiano,514,partigiano,Sinistra/Centro Sinistra
http://www.wikidata.org/entity/Q3764803,Gioacchino Attaguile,1915.0,maschio,Grammichele,POINT (14.633333 37.216667),http://www.wikidata.org/entity/Q478330,1911-1920,18.0,Sicilia,19.0,19.0,Sud,1950.0,1947-1966,305,politico,avvocato,mancante,Democrazia Cristiana,305,avvocato,Centro
http://www.wikidata.org/entity/Q563217,Guido Carli,1914.0,maschio,Brescia,POINT (10.220281 45.538889),http://www.wikidata.org/entity/Q6221,1911-1920,2.0,Lombardia,3.0,3.0,Nord,1949.0,1947-1966,507,politico,economista,banchiere,Democrazia Cristiana,507,economista,Centro
http://www.wikidata.org/entity/Q3839332,Luigi Bertoldi,1920.0,maschio,San Candido,POINT (12.279167 46.732872),http://www.wikidata.org/entity/Q474782,1911-1920,3.0,Trentino-Alto Adige/Südtirol,4.0,4.0,Nord,1955.0,1947-1966,356,politico,mancante,mancante,Partito Socialista Italiano,356,mancante,Sinistra/Centro Sinistra
http://www.wikidata.org/entity/Q312058,Emilio Colombo,1920.0,maschio,Potenza,POINT (15.8 40.633333),http://www.wikidata.org/entity/Q3543,1911-1920,16.0,Basilicata,17.0,17.0,Sud,1955.0,1947-1966,165,politico,avvocato,diplomatico,Democrazia Cristiana,165,avvocato,Centro
http://www.wikidata.org/entity/Q550162,Franco Restivo,1911.0,maschio,Palermo,POINT (13.361262 38.115658),http://www.wikidata.org/entity/Q2656,1911-1920,18.0,Sicilia,19.0,19.0,Sud,1946.0,1927-1946,500,politico,professore-universitario,mancante,Democrazia Cristiana,500,professore,Centro
http://www.wikidata.org/entity/Q729862,Giovanni Rinaldo Coronas,1919.0,maschio,Castelvetrano,POINT (12.791667 37.678611),http://www.wikidata.org/entity/Q481674,1911-1920,18.0,Sicilia,19.0,19.0,Sud,1954.0,1947-1966,541,politico,mancante,mancante,indipendente,541,mancante,indipendente
http://www.wikidata.org/entity/Q117902,Giuliano Vassalli,1915.0,maschio,Perugia,POINT (12.388549 43.111918),http://www.wikidata.org/entity/Q3437,1911-1920,9.0,Umbria,10.0,10.0,Centro,1950.0,1947-1966,25,politico,professore-universitario,giurista,Partito Socialista Italiano,25,professore,Sinistra/Centro Sinistra
http://www.wikidata.org/entity/Q3659814,Carlo Russo,1920.0,maschio,Savona,POINT (8.481111 44.308056),http://www.wikidata.org/entity/Q13320,1911-1920,6.0,Liguria,7.0,7.0,Nord,1955.0,1947-1966,230,politico,avvocato,giudice,Democrazia Cristiana,230,avvocato,Centro
http://www.wikidata.org/entity/Q3605755,Adriano Ossicini,1920.0,maschio,Roma,POINT (12.482778 41.893056),http://www.wikidata.org/entity/Q220,1911-1920,11.0,Lazio,12.0,12.0,Centro,1955.0,1947-1966,192,politico,professore-universitario,partigiano,Partito Democratico,192,professore,Sinistra/Centro Sinistra
http://www.wikidata.org/entity/Q3720338,Egidio Ariosto,1911.0,maschio,Casto,POINT (10.316667 45.7),http://www.wikidata.org/entity/Q103840,1911-1920,2.0,Lombardia,3.0,3.0,Nord,1946.0,1927-1946,252,politico,mancante,mancante,Partito Socialista Democratico Italiano,252,mancante,Sinistra/Centro Sinistra
http://www.wikidata.org/entity/Q3723044,Elio Guzzanti,1920.0,maschio,Roma,POINT (12.482778 41.893056),http://www.wikidata.org/entity/Q220,1911-1920,11.0,Lazio,12.0,12.0,Centro,1955.0,1947-1966,255,politico,medico,accademico,indipendente,255,medico,indipendente
http://www.wikidata.org/entity/Q171834,Aldo Moro,1916.0,maschio,Maglie,POINT (18.3 40.116667),http://www.wikidata.org/entity/Q52153,1911-1920,15.0,Puglia,16.0,16.0,Sud,1951.0,1947-1966,99,politico,diplomatico,professore,Democrazia Cristiana,99,diplomatico,Centro
http://www.wikidata.org/entity/Q3702392,Dante Schietroma,1917.0,maschio,Supino,POINT (13.233333 41.616667),http://www.wikidata.org/entity/Q117395,1911-1920,11.0,Lazio,12.0,12.0,Centro,1952.0,1947-1966,244,politico,mancante,mancante,Partito Socialista Democratico Italiano,244,mancante,Sinistra/Centro Sinistra
http://www.wikidata.org/entity/Q18223480,Eugenio Gatto,1911.0,maschio,Zenson di Piave,POINT (12.5 45.683333),http://www.wikidata.org/entity/Q46716,1911-1920,4.0,Veneto,5.0,5.0,Nord,1946.0,1927-1946,107,politico,avvocato,partigiano,Democrazia Cristiana,107,avvocato,Centro
http://www.wikidata.org/entity/Q1415906,Luigi Gui,1914.0,maschio,Padova,POINT (11.873333 45.407778),http://www.wikidata.org/entity/Q617,1911-1920,4.0,Veneto,5.0,5.0,Nord,1949.0,1947-1966,64,politico,partigiano,filosofo,Democrazia Cristiana,64,partigiano,Centro
http://www.wikidata.org/entity/Q4003375,Umberto Delle Fave,1912.0,maschio,San Severo,POINT (15.379278 41.695111),http://www.wikidata.org/entity/Q19275,1911-1920,15.0,Puglia,16.0,16.0,Sud,1947.0,1947-1966,434,politico,mancante,mancante,Democrazia Cristiana,434,mancante,Centro
http://www.wikidata.org/entity/Q1379277,Paolo Emilio Taviani,1912.0,maschio,Genova,POINT (8.933983 44.407186),http://www.wikidata.org/entity/Q1449,1911-1920,6.0,Liguria,7.0,7.0,Nord,1947.0,1947-1966,56,politico,economista,partigiano,Democrazia Cristiana,56,economista,Centro
http://www.wikidata.org/entity/Q4015281,Vittorio Badini Confalonieri,1914.0,maschio,Torino,POINT (7.676111 45.079167),http://www.wikidata.org/entity/Q495,1911-1920,0.0,Piemonte,1.0,1.0,Nord,1949.0,1947-1966,443,politico,mancante,mancante,Partito Liberale Italiano,443,mancante,Destra/Centro Destra
http://www.wikidata.org/entity/Q3651570,Camillo Ripamonti,1919.0,maschio,Gorgonzola,POINT (9.4 45.533333),http://www.wikidata.org/entity/Q43055,1911-1920,2.0,Lombardia,3.0,3.0,Nord,1954.0,1947-1966,224,politico,ingegnere,mancante,Democrazia Cristiana,224,ingegnere,Centro
http://www.wikidata.org/entity/Q663538,Mario Zagari,1913.0,maschio,Milano,POINT (9.19 45.466944),http://www.wikidata.org/entity/Q490,1911-1920,2.0,Lombardia,3.0,3.0,Nord,1948.0,1947-1966,526,politico,giornalista,partigiano,Partito Socialista Italiano,526,giornalista,Sinistra/Centro Sinistra
http://www.wikidata.org/entity/Q3604352,Achille Corona,1914.0,maschio,Roma,POINT (12.482778 41.893056),http://www.wikidata.org/entity/Q220,1911-1920,11.0,Lazio,12.0,12.0,Centro,1949.0,1947-1966,188,politico,avvocato,giornalista,Partito Socialista Italiano,188,avvocato,Sinistra/Centro Sinistra
http://www.wikidata.org/entity/Q3765734,Giorgio Salvini,1920.0,maschio,Milano,POINT (9.19 45.466944),http://www.wikidata.org/entity/Q490,1911-1920,2.0,Lombardia,3.0,3.0,Nord,1955.0,1947-1966,310,politico,professore-universitario,fisico,indipendente,310,professore,indipendente
http://www.wikidata.org/entity/Q1228,Oscar Luigi Scalfaro,1918.0,maschio,Novara,POINT (8.62 45.45),http://www.wikidata.org/entity/Q6046,1911-1920,0.0,Piemonte,1.0,1.0,Nord,1953.0,1947-1966,34,politico,avvocato,mancante,Democrazia Cristiana,34,avvocato,Centro
http://www.wikidata.org/entity/Q3770334,Giuseppe Codacci Pisanelli,1913.0,maschio,Roma,POINT (12.482778 41.893056),http://www.wikidata.org/entity/Q220,1911-1920,11.0,Lazio,12.0,12.0,Centro,1948.0,1947-1966,328,politico,mancante,mancante,Democrazia Cristiana,328,mancante,Centro
http://www.wikidata.org/entity/Q20668286,Rinaldo Ossola,1913.0,maschio,Lecco,POINT (9.39048 45.85334),http://www.wikidata.org/entity/Q6237,1911-1920,2.0,Lombardia,3.0,3.0,Nord,1948.0,1947-1966,127,politico,economista,mancante,indipendente,127,economista,indipendente
http://www.wikidata.org/entity/Q1226622,Dino Del Bo,1916.0,maschio,Milano,POINT (9.19 45.466944),http://www.wikidata.org/entity/Q490,1911-1920,2.0,Lombardia,3.0,3.0,Nord,1951.0,1947-1966,33,politico,partigiano,mancante,Democrazia Cristiana,33,partigiano,Centro
http://www.wikidata.org/entity/Q817307,Benigno Zaccagnini,1912.0,maschio,Faenza,POINT (11.883333 44.285556),http://www.wikidata.org/entity/Q52981,1911-1920,7.0,Emilia-Romagna,8.0,8.0,Nord,1947.0,1947-1966,557,politico,mancante,mancante,Democrazia Cristiana,557,mancante,Centro
http://www.wikidata.org/entity/Q1224,Carlo Azeglio Ciampi,1920.0,maschio,Livorno,POINT (10.316667 43.55),http://www.wikidata.org/entity/Q6761,1911-1920,8.0,Toscana,9.0,9.0,Centro,1955.0,1947-1966,32,politico,economista,banchiere,Partito d'Azione,32,economista,Sinistra/Centro Sinistra
http://www.wikidata.org/entity/Q3852825,Mauro Ferri,1920.0,maschio,Roma,POINT (12.482778 41.893056),http://www.wikidata.org/entity/Q220,1911-1920,11.0,Lazio,12.0,12.0,Centro,1955.0,1947-1966,384,politico,avvocato,giudice,Partito Socialista Italiano,384,avvocato,Sinistra/Centro Sinistra
http://www.wikidata.org/entity/Q3659287,Carlo Donat-Cattin,1919.0,maschio,Finale Ligure,POINT (8.343536 44.169072),http://www.wikidata.org/entity/Q270737,1911-1920,6.0,Liguria,7.0,7.0,Nord,1954.0,1947-1966,228,politico,giornalista,sindacalista,Democrazia Cristiana,228,giornalista,Centro
http://www.wikidata.org/entity/Q3851471,Massimo Severo Giannini,1915.0,maschio,Roma,POINT (12.482778 41.893056),http://www.wikidata.org/entity/Q220,1911-1920,11.0,Lazio,12.0,12.0,Centro,1950.0,1947-1966,380,politico,giurista,mancante,Partito Socialista Italiano,380,giurista,Sinistra/Centro Sinistra
http://www.wikidata.org/entity/Q316288,Mariano Rumor,1915.0,maschio,Vicenza,POINT (11.55 45.55),http://www.wikidata.org/entity/Q6537,1911-1920,4.0,Veneto,5.0,5.0,Nord,1950.0,1947-1966,168,politico,diplomatico,partigiano,Democrazia Cristiana,168,diplomatico,Centro
http://www.wikidata.org/entity/Q3611360,Alfredo Biondi,1928.0,maschio,Pisa,POINT (10.4 43.716667),http://www.wikidata.org/entity/Q13375,1921-1930,8.0,Toscana,9.0,9.0,Centro,1963.0,1947-1966,201,politico,avvocato,mancante,Partito Liberale Italiano,201,avvocato,Destra/Centro Destra
http://www.wikidata.org/entity/Q3619102,Antonino Pietro Gullotti,1922.0,maschio,Ucria,POINT (14.883333 38.05),http://www.wikidata.org/entity/Q491846,1921-1930,18.0,Sicilia,19.0,19.0,Sud,1957.0,1947-1966,207,politico,avvocato,mancante,Democrazia Cristiana,207,avvocato,Centro
http://www.wikidata.org/entity/Q3619783,Antonio Maccanico,1924.0,maschio,Avellino,POINT (14.789722 40.915278),http://www.wikidata.org/entity/Q13433,1921-1930,14.0,Campania,15.0,15.0,Sud,1959.0,1947-1966,210,politico,funzionario,mancante,Partito Repubblicano Italiano,210,funzionario,Sinistra/Centro Sinistra
http://www.wikidata.org/entity/Q3611393,Alfredo Diana,1930.0,maschio,Roma,POINT (12.482778 41.893056),http://www.wikidata.org/entity/Q220,1921-1930,11.0,Lazio,12.0,12.0,Centro,1965.0,1947-1966,202,politico,mancante,mancante,Democrazia Cristiana,202,mancante,Centro
http://www.wikidata.org/entity/Q3720401,Egidio Sterpa,1926.0,maschio,Vejano,POINT (12.096389 42.218056),http://www.wikidata.org/entity/Q180259,1921-1930,11.0,Lazio,12.0,12.0,Centro,1961.0,1947-1966,253,politico,giornalista,mancante,Partito Liberale Italiano,253,giornalista,Destra/Centro Destra
http://www.wikidata.org/entity/Q365166,Adolfo Sarti,1928.0,maschio,Torino,POINT (7.676111 45.079167),http://www.wikidata.org/entity/Q495,1921-1930,0.0,Piemonte,1.0,1.0,Nord,1963.0,1947-1966,225,politico,mancante,mancante,Democrazia Cristiana,225,mancante,Centro
http://www.wikidata.org/entity/Q3763373,Matteo Matteotti,1921.0,maschio,Roma,POINT (12.482778 41.893056),http://www.wikidata.org/entity/Q220,1921-1930,11.0,Lazio,12.0,12.0,Centro,1956.0,1947-1966,300,politico,giornalista,mancante,Partito Socialista Democratico Italiano,300,giornalista,Sinistra/Centro Sinistra
http://www.wikidata.org/entity/Q3762272,Giacomo Sedati,1921.0,maschio,Lanciano,POINT (14.390469 42.231211),http://www.wikidata.org/entity/Q8645,1921-1930,12.0,Abruzzo,13.0,13.0,Sud,1956.0,1947-1966,293,politico,mancante,mancante,Democrazia Cristiana,293,mancante,Centro
http://www.wikidata.org/entity/Q698313,Clelio Darida,1927.0,maschio,Roma,POINT (12.482778 41.893056),http://www.wikidata.org/entity/Q220,1921-1930,11.0,Lazio,12.0,12.0,Centro,1962.0,1947-1966,537,politico,avvocato,mancante,Democrazia Cristiana,537,avvocato,Centro
http://www.wikidata.org/entity/Q3765283,Giorgio Bernini,1928.0,maschio,Bologna,POINT (11.342778 44.493889),http://www.wikidata.org/entity/Q1891,1921-1930,7.0,Emilia-Romagna,8.0,8.0,Nord,1963.0,1947-1966,307,politico,professore-universitario,giurista,Forza Italia,307,professore,Destra/Centro Destra
http://www.wikidata.org/entity/Q3751517,Franco Piga,1927.0,maschio,Roma,POINT (12.482778 41.893056),http://www.wikidata.org/entity/Q220,1921-1930,11.0,Lazio,12.0,12.0,Centro,1962.0,1947-1966,282,politico,mancante,mancante,Democrazia Cristiana,282,mancante,Centro
http://www.wikidata.org/entity/Q3765300,Giorgio Bogi,1929.0,maschio,La Spezia,POINT (9.828881 44.108044),http://www.wikidata.org/entity/Q8611,1921-1930,6.0,Liguria,7.0,7.0,Nord,1964.0,1947-1966,309,politico,medico,mancante,Partito Democratico,309,medico,Sinistra/Centro Sinistra
http://www.wikidata.org/entity/Q3750290,Francesco Merloni,1925.0,maschio,Fabriano,POINT (12.908519 43.338561),http://www.wikidata.org/entity/Q13145,1921-1930,10.0,Marche,11.0,11.0,Centro,1960.0,1947-1966,279,politico,personalità-del-mondo-degli-affari,ingegnere,Democrazia Cristiana,279,imprenditore,Centro
http://www.wikidata.org/entity/Q3750000,Francesco Forte,1929.0,maschio,Busto Arsizio,POINT (8.8518 45.611958),http://www.wikidata.org/entity/Q1155,1921-1930,2.0,Lombardia,3.0,3.0,Nord,1964.0,1947-1966,277,politico,professore-universitario,giornalista,Partito Socialista Italiano,277,professore,Sinistra/Centro Sinistra
http://www.wikidata.org/entity/Q3749944,Francesco Fabbri,1921.0,maschio,Solighetto,POINT (12.169444 45.915),http://www.wikidata.org/entity/Q3964328,1921-1930,4.0,Veneto,5.0,5.0,Nord,1956.0,1947-1966,276,politico,mancante,mancante,Democrazia Cristiana,276,mancante,Centro
http://www.wikidata.org/entity/Q3749810,Francesco Compagna,1921.0,maschio,Napoli,POINT (14.248611 40.835833),http://www.wikidata.org/entity/Q2634,1921-1930,14.0,Campania,15.0,15.0,Sud,1956.0,1947-1966,273,politico,geografo,mancante,Partito Repubblicano Italiano,273,altro,Sinistra/Centro Sinistra
http://www.wikidata.org/entity/Q3749296,Franca Falcucci,1926.0,femmina,Roma,POINT (12.482778 41.893056),http://www.wikidata.org/entity/Q220,1921-1930,11.0,Lazio,12.0,12.0,Centro,1961.0,1947-1966,272,politico,insegnante,mancante,Democrazia Cristiana,272,professore,Centro
http://www.wikidata.org/entity/Q3745884,Fiorentino Sullo,1921.0,maschio,Paternopoli,POINT (15.033333 40.966667),http://www.wikidata.org/entity/Q55077,1921-1930,14.0,Campania,15.0,15.0,Sud,1956.0,1947-1966,270,politico,mancante,mancante,Democrazia Cristiana,270,mancante,Centro
http://www.wikidata.org/entity/Q3638811,Bernardo D'Arezzo,1922.0,maschio,Pagani,POINT (14.616667 40.741667),http://www.wikidata.org/entity/Q81263,1921-1930,14.0,Campania,15.0,15.0,Sud,1957.0,1947-1966,219,politico,giornalista,mancante,Democrazia Cristiana,219,giornalista,Centro
http://www.wikidata.org/entity/Q3745246,Filippo Mancuso,1922.0,maschio,Palermo,POINT (13.361262 38.115658),http://www.wikidata.org/entity/Q2656,1921-1930,18.0,Sicilia,19.0,19.0,Sud,1957.0,1947-1966,269,politico,giudice,magistrato,Forza Italia,269,giudice,Destra/Centro Destra
http://www.wikidata.org/entity/Q722610,Carlo Ripa di Meana,1929.0,maschio,Pietrasanta,POINT (10.21827 43.94519),http://www.wikidata.org/entity/Q219330,1921-1930,8.0,Toscana,9.0,9.0,Centro,1964.0,1947-1966,539,politico,giornalista,mancante,Partito Socialista Italiano,539,giornalista,Sinistra/Centro Sinistra
http://www.wikidata.org/entity/Q3767044,Giovanni Conso,1922.0,maschio,Torino,POINT (7.676111 45.079167),http://www.wikidata.org/entity/Q495,1921-1930,0.0,Piemonte,1.0,1.0,Nord,1957.0,1947-1966,316,politico,professore-universitario,giurista,indipendente,316,professore,indipendente
http://www.wikidata.org/entity/Q3767326,Giovanni Galloni,1927.0,maschio,Paternò,POINT (14.9 37.566667),http://www.wikidata.org/entity/Q478741,1921-1930,18.0,Sicilia,19.0,19.0,Sud,1962.0,1947-1966,317,politico,giurista,mancante,Democrazia Cristiana,317,giurista,Centro
http://www.wikidata.org/entity/Q3767374,Giovanni Gioia,1925.0,maschio,Palermo,POINT (13.361262 38.115658),http://www.wikidata.org/entity/Q2656,1921-1930,18.0,Sicilia,19.0,19.0,Sud,1960.0,1947-1966,318,politico,mancante,mancante,Democrazia Cristiana,318,mancante,Centro
http://www.wikidata.org/entity/Q3767639,Giovanni Marcora,1922.0,maschio,Inveruno,POINT (8.85 45.516667),http://www.wikidata.org/entity/Q42575,1921-1930,2.0,Lombardia,3.0,3.0,Nord,1957.0,1947-1966,319,politico,partigiano,imprenditore,Democrazia Cristiana,319,partigiano,Centro
http://www.wikidata.org/entity/Q3767797,Giovanni Motzo,1930.0,maschio,Cagliari,POINT (9.116667 39.216667),http://www.wikidata.org/entity/Q1897,1921-1930,19.0,Sardegna,20.0,20.0,Sud,1965.0,1947-1966,320,politico,giurista,mancante,indipendente,320,giurista,indipendente
http://www.wikidata.org/entity/Q3768259,Giovanni Travaglini,1924.0,maschio,Napoli,POINT (14.248611 40.835833),http://www.wikidata.org/entity/Q2634,1921-1930,14.0,Campania,15.0,15.0,Sud,1959.0,1947-1966,323,politico,ingegnere,mancante,Democrazia Cristiana,323,ingegnere,Centro
http://www.wikidata.org/entity/Q3769730,Giulio Orlando,1926.0,maschio,Martina Franca,POINT (17.333333 40.7),http://www.wikidata.org/entity/Q52020,1921-1930,15.0,Puglia,16.0,16.0,Sud,1961.0,1947-1966,324,politico,mancante,mancante,Democrazia Cristiana,324,mancante,Centro
http://www.wikidata.org/entity/Q3702554,Dario Antoniozzi,1923.0,maschio,Rieti,POINT (12.856702 42.40443),http://www.wikidata.org/entity/Q13396,1921-1930,11.0,Lazio,12.0,12.0,Centro,1958.0,1947-1966,245,politico,mancante,mancante,Democrazia Cristiana,245,mancante,Centro
http://www.wikidata.org/entity/Q3695387,Costante Degan,1930.0,maschio,Mestre,POINT (12.238056 45.490556),http://www.wikidata.org/entity/Q541405,1921-1930,4.0,Veneto,5.0,5.0,Nord,1965.0,1947-1966,241,politico,mancante,mancante,Democrazia Cristiana,241,mancante,Centro
http://www.wikidata.org/entity/Q3770066,Giuseppe Bartolomei,1923.0,maschio,Anghiari,POINT (12.055 43.541667),http://www.wikidata.org/entity/Q52063,1921-1930,8.0,Toscana,9.0,9.0,Centro,1958.0,1947-1966,326,politico,mancante,mancante,Democrazia Cristiana,326,mancante,Centro
http://www.wikidata.org/entity/Q3770734,Giuseppe Guarino,1922.0,maschio,Napoli,POINT (14.248611 40.835833),http://www.wikidata.org/entity/Q2634,1921-1930,14.0,Campania,15.0,15.0,Sud,1957.0,1947-1966,329,politico,professore-universitario,giurista,Democrazia Cristiana,329,professore,Centro
http://www.wikidata.org/entity/Q3742589,Ferdinando Facchiano,1927.0,maschio,Ceppaloni,POINT (14.766667 41.05),http://www.wikidata.org/entity/Q55893,1921-1930,14.0,Campania,15.0,15.0,Sud,1962.0,1947-1966,268,politico,avvocato,mancante,Partito Socialista Democratico Italiano,268,avvocato,Sinistra/Centro Sinistra
http://www.wikidata.org/entity/Q371149,Giorgio Ruffolo,1926.0,maschio,Roma,POINT (12.482778 41.893056),http://www.wikidata.org/entity/Q220,1921-1930,11.0,Lazio,12.0,12.0,Centro,1961.0,1947-1966,246,politico,giornalista,mancante,Partito Democratico,246,giornalista,Sinistra/Centro Sinistra
http://www.wikidata.org/entity/Q3848420,Mario Casalinuovo,1922.0,maschio,Catanzaro,POINT (16.5875 38.91),http://www.wikidata.org/entity/Q3883,1921-1930,17.0,Calabria,18.0,18.0,Sud,1957.0,1947-1966,370,politico,mancante,mancante,Partito Socialista Italiano,370,mancante,Sinistra/Centro Sinistra
http://www.wikidata.org/entity/Q780378,Umberto Veronesi,1925.0,maschio,Milano,POINT (9.19 45.466944),http://www.wikidata.org/entity/Q490,1921-1930,2.0,Lombardia,3.0,3.0,Nord,1960.0,1947-1966,552,politico,chirurgo,oncologo,Partito Democratico,552,medico,Sinistra/Centro Sinistra
http://www.wikidata.org/entity/Q1441165,Francesco Paolo Bonifacio,1923.0,maschio,Castellammare di Stabia,POINT (14.480278 40.694722),http://www.wikidata.org/entity/Q6737,1921-1930,14.0,Campania,15.0,15.0,Sud,1958.0,1947-1966,67,politico,professore-universitario,giurista,Democrazia Cristiana,67,professore,Centro
http://www.wikidata.org/entity/Q3946264,Salverino De Vito,1926.0,maschio,Avellino,POINT (14.789722 40.915278),http://www.wikidata.org/entity/Q13433,1921-1930,14.0,Campania,15.0,15.0,Sud,1961.0,1947-1966,424,politico,mancante,mancante,Democrazia Cristiana,424,mancante,Centro
http://www.wikidata.org/entity/Q1514742,Mirko Tremaglia,1926.0,maschio,Bergamo,POINT (9.67 45.695),http://www.wikidata.org/entity/Q628,1921-1930,2.0,Lombardia,3.0,3.0,Nord,1961.0,1947-1966,73,politico,avvocato,ministro,Alleanza Nazionale,73,avvocato,Destra/Centro Destra
http://www.wikidata.org/entity/Q1525100,Gino Giugni,1927.0,maschio,Genova,POINT (8.933983 44.407186),http://www.wikidata.org/entity/Q1449,1921-1930,6.0,Liguria,7.0,7.0,Nord,1962.0,1947-1966,75,politico,mancante,mancante,Partito Socialista Italiano,75,mancante,Sinistra/Centro Sinistra
http://www.wikidata.org/entity/Q3946106,Salvatore Lauricella,1922.0,maschio,Ravanusa,POINT (13.969722 37.267778),http://www.wikidata.org/entity/Q372261,1921-1930,18.0,Sicilia,19.0,19.0,Sud,1957.0,1947-1966,420,politico,avvocato,mancante,Partito Socialista Italiano,420,avvocato,Sinistra/Centro Sinistra
http://www.wikidata.org/entity/Q15711778,Vito Scalia,1925.0,maschio,Catania,POINT (15.087269 37.502669),http://www.wikidata.org/entity/Q1903,1921-1930,18.0,Sicilia,19.0,19.0,Sud,1960.0,1947-1966,84,politico,sindacalista,mancante,Democrazia Cristiana,84,sindacalista,Centro
http://www.wikidata.org/entity/Q3962055,Siro Lombardini,1924.0,maschio,Milano,POINT (9.19 45.466944),http://www.wikidata.org/entity/Q490,1921-1930,2.0,Lombardia,3.0,3.0,Nord,1959.0,1947-1966,428,politico,economista,mancante,Democrazia Cristiana,428,economista,Centro
http://www.wikidata.org/entity/Q786339,Umberto Colombo,1927.0,maschio,Livorno,POINT (10.316667 43.55),http://www.wikidata.org/entity/Q6761,1921-1930,8.0,Toscana,9.0,9.0,Centro,1962.0,1947-1966,555,politico,ingegnere,accademico,Partito d'Azione,555,ingegnere,Sinistra/Centro Sinistra
http://www.wikidata.org/entity/Q778345,Franco Nicolazzi,1924.0,maschio,Gattico,POINT (8.516667 45.716667),http://www.wikidata.org/entity/Q22454,1921-1930,0.0,Piemonte,1.0,1.0,Nord,1959.0,1947-1966,551,politico,partigiano,mancante,Partito Socialista Democratico Italiano,551,partigiano,Sinistra/Centro Sinistra
http://www.wikidata.org/entity/Q3932481,Remo Gaspari,1921.0,maschio,Gissi,POINT (14.55 42.016667),http://www.wikidata.org/entity/Q51238,1921-1930,12.0,Abruzzo,13.0,13.0,Sud,1956.0,1947-1966,408,politico,mancante,mancante,Democrazia Cristiana,408,mancante,Centro
http://www.wikidata.org/entity/Q17303171,Vincenzo Russo,1924.0,maschio,Foggia,POINT (15.55188 41.45845),http://www.wikidata.org/entity/Q13464,1921-1930,15.0,Puglia,16.0,16.0,Sud,1959.0,1947-1966,100,politico,mancante,mancante,Democrazia Cristiana,100,mancante,Centro
http://www.wikidata.org/entity/Q1748746,Virginio Rognoni,1924.0,maschio,Corsico,POINT (9.116667 45.433333),http://www.wikidata.org/entity/Q42423,1921-1930,2.0,Lombardia,3.0,3.0,Nord,1959.0,1947-1966,103,politico,avvocato,professore-universitario,Democrazia Cristiana,103,avvocato,Centro
http://www.wikidata.org/entity/Q18418151,Giovanni Marongiu,1929.0,maschio,Cabras,POINT (8.530278 39.930556),http://www.wikidata.org/entity/Q385624,1921-1930,19.0,Sardegna,20.0,20.0,Sud,1964.0,1947-1966,108,politico,scrittore,mancante,Democrazia Cristiana,108,scrittore,Centro
http://www.wikidata.org/entity/Q18646086,Carlo Pastorino,1925.0,maschio,Genova,POINT (8.933983 44.407186),http://www.wikidata.org/entity/Q1449,1921-1930,6.0,Liguria,7.0,7.0,Nord,1960.0,1947-1966,110,politico,mancante,mancante,Democrazia Cristiana,110,mancante,Centro
http://www.wikidata.org/entity/Q3609106,Aldo Aniasi,1921.0,maschio,Palmanova,POINT (13.316667 45.9),http://www.wikidata.org/entity/Q53302,1921-1930,5.0,Friuli-Venezia Giulia,6.0,6.0,Nord,1956.0,1947-1966,198,politico,partigiano,mancante,Partito Socialista Italiano,198,partigiano,Sinistra/Centro Sinistra
http://www.wikidata.org/entity/Q1384236,Leopoldo Elia,1925.0,maschio,Fano,POINT (13.013611 43.8425),http://www.wikidata.org/entity/Q13142,1921-1930,10.0,Marche,11.0,11.0,Centro,1960.0,1947-1966,57,politico,professore-universitario,giurista,Partito Popolare Italiano,57,professore,Centro
http://www.wikidata.org/entity/Q1375084,Filippo Maria Pandolfi,1927.0,maschio,Bergamo,POINT (9.67 45.695),http://www.wikidata.org/entity/Q628,1921-1930,2.0,Lombardia,3.0,3.0,Nord,1962.0,1947-1966,53,politico,mancante,mancante,Democrazia Cristiana,53,mancante,Centro
http://www.wikidata.org/entity/Q4013092,Vincenzo Balzamo,1929.0,maschio,Colli a Volturno,POINT (14.1 41.6),http://www.wikidata.org/entity/Q263382,1921-1930,13.0,Molise,14.0,14.0,Sud,1964.0,1947-1966,439,politico,mancante,mancante,Partito Socialista Italiano,439,mancante,Sinistra/Centro Sinistra
http://www.wikidata.org/entity/Q588621,Franco Evangelisti,1923.0,maschio,Alatri,POINT (13.342222 41.726389),http://www.wikidata.org/entity/Q18400,1921-1930,11.0,Lazio,12.0,12.0,Centro,1958.0,1947-1966,511,politico,giornalista,mancante,Democrazia Cristiana,511,giornalista,Centro
http://www.wikidata.org/entity/Q1059394,Antonio Bisaglia,1929.0,maschio,Rovigo,POINT (11.794 45.0809),http://www.wikidata.org/entity/Q6572,1921-1930,4.0,Veneto,5.0,5.0,Nord,1964.0,1947-1966,9,politico,mancante,mancante,Democrazia Cristiana,9,mancante,Centro
http://www.wikidata.org/entity/Q956652,Renato Ruggiero,1930.0,maschio,Napoli,POINT (14.248611 40.835833),http://www.wikidata.org/entity/Q2634,1921-1930,14.0,Campania,15.0,15.0,Sud,1965.0,1947-1966,573,politico,giurista,diplomatico,Partito Socialista Italiano,573,giurista,Sinistra/Centro Sinistra
http://www.wikidata.org/entity/Q604765,Antonio Ruberti,1927.0,maschio,Aversa,POINT (14.206475 40.973034),http://www.wikidata.org/entity/Q19279,1921-1930,14.0,Campania,15.0,15.0,Sud,1962.0,1947-1966,516,politico,ingegnere,mancante,Partito Socialista Italiano,516,ingegnere,Sinistra/Centro Sinistra
http://www.wikidata.org/entity/Q524028,Alberto Ronchey,1926.0,maschio,Roma,POINT (12.482778 41.893056),http://www.wikidata.org/entity/Q220,1921-1930,11.0,Lazio,12.0,12.0,Centro,1961.0,1947-1966,483,politico,giornalista,mancante,Partito Repubblicano Italiano,483,giornalista,Sinistra/Centro Sinistra
http://www.wikidata.org/entity/Q515993,Antonio Brancaccio,1923.0,maschio,Maddaloni,POINT (14.383333 41.033333),http://www.wikidata.org/entity/Q58693,1921-1930,14.0,Campania,15.0,15.0,Sud,1958.0,1947-1966,479,politico,giurista,giudice,indipendente,479,giurista,indipendente
http://www.wikidata.org/entity/Q1113992,Tina Anselmi,1927.0,femmina,Castelfranco Veneto,POINT (11.933333 45.666667),http://www.wikidata.org/entity/Q29352,1921-1930,4.0,Veneto,5.0,5.0,Nord,1962.0,1947-1966,20,politico,partigiano,insegnante,Democrazia Cristiana,20,partigiano,Centro
http://www.wikidata.org/entity/Q503677,Vito Lattanzio,1926.0,maschio,Bari,POINT (16.866667 41.125278),http://www.wikidata.org/entity/Q3519,1921-1930,15.0,Puglia,16.0,16.0,Sud,1961.0,1947-1966,477,politico,medico,mancante,Democrazia Cristiana,477,medico,Centro
http://www.wikidata.org/entity/Q492720,Attilio Ruffini,1924.0,maschio,Mantova,POINT (10.791111 45.156389),http://www.wikidata.org/entity/Q6247,1921-1930,2.0,Lombardia,3.0,3.0,Nord,1959.0,1947-1966,474,politico,avvocato,diplomatico,Democrazia Cristiana,474,avvocato,Centro
http://www.wikidata.org/entity/Q469478,Franco Maria Malfatti,1927.0,maschio,Roma,POINT (12.482778 41.893056),http://www.wikidata.org/entity/Q220,1921-1930,11.0,Lazio,12.0,12.0,Centro,1962.0,1947-1966,465,politico,giornalista,diplomatico,Democrazia Cristiana,465,giornalista,Centro
http://www.wikidata.org/entity/Q1220,Giorgio Napolitano,1925.0,maschio,Napoli,POINT (14.248611 40.835833),http://www.wikidata.org/entity/Q2634,1921-1930,14.0,Campania,15.0,15.0,Sud,1960.0,1947-1966,31,politico,giornalista,mancante,indipendente,31,giornalista,indipendente
http://www.wikidata.org/entity/Q1230,Francesco Cossiga,1928.0,maschio,Sassari,POINT (8.559167 40.726667),http://www.wikidata.org/entity/Q13629,1921-1930,19.0,Sardegna,20.0,20.0,Sud,1963.0,1947-1966,36,politico,professore-universitario,giurista,Democrazia Cristiana,36,professore,Centro
http://www.wikidata.org/entity/Q1237108,Domenico Corcione,1929.0,maschio,Torino,POINT (7.676111 45.079167),http://www.wikidata.org/entity/Q495,1921-1930,0.0,Piemonte,1.0,1.0,Nord,1964.0,1947-1966,37,politico,ufficiale,mancante,indipendente,37,ufficiale,indipendente
http://www.wikidata.org/entity/Q434786,Arnaldo Forlani,1925.0,maschio,Pesaro,POINT (12.9133 43.91015),http://www.wikidata.org/entity/Q13134,1921-1930,10.0,Marche,11.0,11.0,Centro,1960.0,1947-1966,448,politico,diplomatico,mancante,Democrazia Cristiana,448,diplomatico,Centro
http://www.wikidata.org/entity/Q1290648,Lorenzo Natali,1922.0,maschio,Firenze,POINT (11.254167 43.771389),http://www.wikidata.org/entity/Q2044,1921-1930,8.0,Toscana,9.0,9.0,Centro,1957.0,1947-1966,44,politico,avvocato,giornalista,Democrazia Cristiana,44,avvocato,Centro
http://www.wikidata.org/entity/Q3902912,Pier Luigi Romita,1924.0,maschio,Torino,POINT (7.676111 45.079167),http://www.wikidata.org/entity/Q495,1921-1930,0.0,Piemonte,1.0,1.0,Nord,1959.0,1947-1966,401,politico,ingegnere,mancante,Partito Socialista Democratico Italiano,401,ingegnere,Sinistra/Centro Sinistra
http://www.wikidata.org/entity/Q20056535,Dionigi Coppo,1921.0,maschio,Brescia,POINT (10.220281 45.538889),http://www.wikidata.org/entity/Q6221,1921-1930,2.0,Lombardia,3.0,3.0,Nord,1956.0,1947-1966,119,politico,sindacalista,mancante,Democrazia Cristiana,119,sindacalista,Centro
http://www.wikidata.org/entity/Q3763047,Gianfranco Ciaurro,1929.0,maschio,Terni,POINT (12.646782 42.560771),http://www.wikidata.org/entity/Q8621,1921-1930,9.0,Umbria,10.0,10.0,Centro,1964.0,1947-1966,299,politico,mancante,mancante,Partito Liberale Italiano,299,mancante,Destra/Centro Destra
http://www.wikidata.org/entity/Q332709,Giovanni Spadolini,1925.0,maschio,Firenze,POINT (11.254167 43.771389),http://www.wikidata.org/entity/Q2044,1921-1930,8.0,Toscana,9.0,9.0,Centro,1960.0,1947-1966,177,politico,giornalista,storico,Partito Repubblicano Italiano,177,giornalista,Sinistra/Centro Sinistra
http://www.wikidata.org/entity/Q3848530,Mario Di Lazzaro,1926.0,maschio,Roma,POINT (12.482778 41.893056),http://www.wikidata.org/entity/Q220,1921-1930,11.0,Lazio,12.0,12.0,Centro,1961.0,1947-1966,373,politico,insegnante,mancante,indipendente,373,professore,indipendente
http://www.wikidata.org/entity/Q276023,Susanna Agnelli,1922.0,femmina,Torino,POINT (7.676111 45.079167),http://www.wikidata.org/entity/Q495,1921-1930,0.0,Piemonte,1.0,1.0,Nord,1957.0,1947-1966,144,politico,diplomatico,scrittore,Partito Repubblicano Italiano,144,diplomatico,Sinistra/Centro Sinistra
http://www.wikidata.org/entity/Q2528845,Vittorino Colombo,1925.0,maschio,Albiate,POINT (9.251328 45.654467),http://www.wikidata.org/entity/Q40633,1921-1930,2.0,Lombardia,3.0,3.0,Nord,1960.0,1947-1966,138,politico,sindacalista,mancante,Democrazia Cristiana,138,sindacalista,Centro
http://www.wikidata.org/entity/Q3838562,Luciano Dal Falco,1925.0,maschio,Verona,POINT (10.992778 45.438611),http://www.wikidata.org/entity/Q2028,1921-1930,4.0,Veneto,5.0,5.0,Nord,1960.0,1947-1966,351,politico,partigiano,mancante,Democrazia Cristiana,351,partigiano,Centro
http://www.wikidata.org/entity/Q734294,Beniamino Andreatta,1928.0,maschio,Trento,POINT (11.116667 46.066667),http://www.wikidata.org/entity/Q3376,1921-1930,3.0,Trentino-Alto Adige/Südtirol,4.0,4.0,Nord,1963.0,1947-1966,547,politico,professore-universitario,economista,Democrazia Cristiana,547,professore,Centro
http://www.wikidata.org/entity/Q3259585,Loris Fortuna,1924.0,maschio,Breno,POINT (10.305555 45.958611),http://www.wikidata.org/entity/Q103640,1921-1930,2.0,Lombardia,3.0,3.0,Nord,1959.0,1947-1966,174,politico,partigiano,mancante,Partito Comunista Italiano,174,partigiano,Sinistra/Centro Sinistra
http://www.wikidata.org/entity/Q3849154,Mario Toros,1922.0,maschio,Pagnacco,POINT (13.183333 46.116667),http://www.wikidata.org/entity/Q53299,1921-1930,5.0,Friuli-Venezia Giulia,6.0,6.0,Nord,1957.0,1947-1966,378,politico,mancante,mancante,Democrazia Cristiana,378,mancante,Centro
http://www.wikidata.org/entity/Q3838797,Lucio Abis,1926.0,maschio,Oristano,POINT (8.591609 39.905819),http://www.wikidata.org/entity/Q13652,1921-1930,19.0,Sardegna,20.0,20.0,Sud,1961.0,1947-1966,353,politico,mancante,mancante,Democrazia Cristiana,353,mancante,Centro
http://www.wikidata.org/entity/Q3886426,Oscar Mammì,1926.0,maschio,Roma,POINT (12.482778 41.893056),http://www.wikidata.org/entity/Q220,1921-1930,11.0,Lazio,12.0,12.0,Centro,1961.0,1947-1966,396,politico,attore,mancante,Partito Repubblicano Italiano,396,altro,Sinistra/Centro Sinistra
http://www.wikidata.org/entity/Q3838692,Luciano Radi,1922.0,maschio,Foligno,POINT (12.703281 42.955761),http://www.wikidata.org/entity/Q20436,1921-1930,9.0,Umbria,10.0,10.0,Centro,1957.0,1947-1966,352,politico,mancante,mancante,Democrazia Cristiana,352,mancante,Centro
http://www.wikidata.org/entity/Q674952,Tommaso Morlino,1925.0,maschio,Irsina,POINT (16.233333 40.75),http://www.wikidata.org/entity/Q52297,1921-1930,16.0,Basilicata,17.0,17.0,Sud,1960.0,1947-1966,531,politico,avvocato,mancante,Democrazia Cristiana,531,avvocato,Centro
http://www.wikidata.org/entity/Q3432264,Rino Formica,1927.0,maschio,Bari,POINT (16.866667 41.125278),http://www.wikidata.org/entity/Q3519,1921-1930,15.0,Puglia,16.0,16.0,Sud,1962.0,1947-1966,183,politico,mancante,mancante,Partito Socialista Italiano,183,mancante,Sinistra/Centro Sinistra
http://www.wikidata.org/entity/Q3856588,Michele Di Giesi,1927.0,maschio,Bari,POINT (16.866667 41.125278),http://www.wikidata.org/entity/Q3519,1921-1930,15.0,Puglia,16.0,16.0,Sud,1962.0,1947-1966,386,politico,mancante,mancante,Partito Socialista Democratico Italiano,386,mancante,Sinistra/Centro Sinistra
http://www.wikidata.org/entity/Q316226,Ciriaco De Mita,1928.0,maschio,Nusco,POINT (15.083889 40.886944),http://www.wikidata.org/entity/Q55073,1921-1930,14.0,Campania,15.0,15.0,Sud,1963.0,1947-1966,167,politico,mancante,mancante,Democrazia Cristiana,167,mancante,Centro
http://www.wikidata.org/entity/Q3874766,Nerio Nesi,1925.0,maschio,Bologna,POINT (11.342778 44.493889),http://www.wikidata.org/entity/Q1891,1921-1930,7.0,Emilia-Romagna,8.0,8.0,Nord,1960.0,1947-1966,388,politico,partigiano,banchiere,Democrazia Cristiana,388,partigiano,Centro
http://www.wikidata.org/entity/Q3605415,Adolfo Battaglia,1930.0,maschio,Viterbo,POINT (12.104167 42.418611),http://www.wikidata.org/entity/Q13395,1921-1930,11.0,Lazio,12.0,12.0,Centro,1965.0,1947-1966,190,politico,giornalista,mancante,Partito Repubblicano Italiano,190,giornalista,Sinistra/Centro Sinistra
http://www.wikidata.org/entity/Q3839722,Luigi Granelli,1929.0,maschio,Lovere,POINT (10.07 45.8125),http://www.wikidata.org/entity/Q101202,1921-1930,2.0,Lombardia,3.0,3.0,Nord,1964.0,1947-1966,359,politico,mancante,mancante,Democrazia Cristiana,359,mancante,Centro
http://www.wikidata.org/entity/Q3876364,Nicola Signorello,1926.0,maschio,San Nicola da Crissa,POINT (16.283333 38.666667),http://www.wikidata.org/entity/Q54737,1921-1930,17.0,Calabria,18.0,18.0,Sud,1961.0,1947-1966,390,politico,mancante,mancante,Democrazia Cristiana,390,mancante,Centro
http://www.wikidata.org/entity/Q3605705,Adriano Bompiani,1923.0,maschio,Roma,POINT (12.482778 41.893056),http://www.wikidata.org/entity/Q220,1921-1930,11.0,Lazio,12.0,12.0,Centro,1958.0,1947-1966,191,politico,professore-universitario,chirurgo,Democrazia Cristiana,191,professore,Centro
http://www.wikidata.org/entity/Q3877168,Nino Cristofori,1930.0,maschio,Ferrara,POINT (11.6175 44.839167),http://www.wikidata.org/entity/Q13362,1921-1930,7.0,Emilia-Romagna,8.0,8.0,Nord,1965.0,1947-1966,391,politico,mancante,mancante,Democrazia Cristiana,391,mancante,Centro
http://www.wikidata.org/entity/Q388031,Antonio Gava,1930.0,maschio,Castellammare di Stabia,POINT (14.480278 40.694722),http://www.wikidata.org/entity/Q6737,1921-1930,14.0,Campania,15.0,15.0,Sud,1965.0,1947-1966,393,politico,avvocato,professore-universitario,Democrazia Cristiana,393,avvocato,Centro
http://www.wikidata.org/entity/Q3830081,Lelio Lagorio,1925.0,maschio,Trieste,POINT (13.770278 45.650278),http://www.wikidata.org/entity/Q546,1921-1930,5.0,Friuli-Venezia Giulia,6.0,6.0,Nord,1960.0,1947-1966,345,politico,avvocato,giornalista,Partito Socialista Italiano,345,avvocato,Sinistra/Centro Sinistra
http://www.wikidata.org/entity/Q3762977,Giancarlo Tesini,1929.0,maschio,Bologna,POINT (11.342778 44.493889),http://www.wikidata.org/entity/Q1891,1921-1930,7.0,Emilia-Romagna,8.0,8.0,Nord,1964.0,1947-1966,298,politico,mancante,mancante,Democrazia Cristiana,298,mancante,Centro
http://www.wikidata.org/entity/Q438845,Altero Matteoli,1940.0,maschio,Cecina,POINT (10.525 43.313889),http://www.wikidata.org/entity/Q157762,1931-1940,8.0,Toscana,9.0,9.0,Centro,1975.0,1967-1986,449,politico,mancante,mancante,Il Popolo della Libertà,449,mancante,Destra/Centro Destra
http://www.wikidata.org/entity/Q4017952,Walter Luchetti,1937.0,maschio,Marsciano,POINT (12.337361 42.910771),http://www.wikidata.org/entity/Q20467,1931-1940,9.0,Umbria,10.0,10.0,Centro,1972.0,1967-1986,444,politico,agronomo,mancante,indipendente,444,altro,indipendente
http://www.wikidata.org/entity/Q452164,Rosa Russo Iervolino,1936.0,femmina,Napoli,POINT (14.248611 40.835833),http://www.wikidata.org/entity/Q2634,1931-1940,14.0,Campania,15.0,15.0,Sud,1971.0,1967-1986,457,politico,avvocato,mancante,Democrazia Cristiana,457,avvocato,Centro
http://www.wikidata.org/entity/Q3893738,Paolo Baratta,1939.0,maschio,Milano,POINT (9.19 45.466944),http://www.wikidata.org/entity/Q490,1931-1940,2.0,Lombardia,3.0,3.0,Nord,1974.0,1967-1986,398,politico,economista,mancante,indipendente,398,economista,indipendente
http://www.wikidata.org/entity/Q3839882,Luigi Mazzella,1932.0,maschio,Salerno,POINT (14.759444 40.680556),http://www.wikidata.org/entity/Q1083,1931-1940,14.0,Campania,15.0,15.0,Sud,1967.0,1967-1986,361,politico,avvocato,giurista,indipendente,361,avvocato,indipendente
http://www.wikidata.org/entity/Q607219,Franco Marini,1933.0,maschio,San Pio delle Camere,POINT (13.658611 42.287222),http://www.wikidata.org/entity/Q50142,1931-1940,12.0,Abruzzo,13.0,13.0,Sud,1968.0,1967-1986,517,politico,sindacalista,mancante,Democrazia Cristiana,517,sindacalista,Centro
http://www.wikidata.org/entity/Q3835629,Livio Paladin,1933.0,maschio,Trieste,POINT (13.770278 45.650278),http://www.wikidata.org/entity/Q546,1931-1940,5.0,Friuli-Venezia Giulia,6.0,6.0,Nord,1968.0,1967-1986,348,politico,professore-universitario,giurista,indipendente,348,professore,indipendente
http://www.wikidata.org/entity/Q519728,Fernanda Contri,1935.0,femmina,Ivrea,POINT (7.874797 45.467379),http://www.wikidata.org/entity/Q9409,1931-1940,0.0,Piemonte,1.0,1.0,Nord,1970.0,1967-1986,482,politico,giurista,giudice,Partito Socialista Italiano,482,giurista,Sinistra/Centro Sinistra
http://www.wikidata.org/entity/Q3827731,Laura Balbo,1933.0,femmina,Padova,POINT (11.873333 45.407778),http://www.wikidata.org/entity/Q617,1931-1940,4.0,Veneto,5.0,5.0,Nord,1968.0,1967-1986,344,politico,sociologo,mancante,Federazione dei Verdi,344,accademico,Sinistra/Centro Sinistra
http://www.wikidata.org/entity/Q3763773,Gianuario Carta,1931.0,maschio,Bitti,POINT (9.381667 40.475),http://www.wikidata.org/entity/Q294729,1931-1940,19.0,Sardegna,20.0,20.0,Sud,1966.0,1947-1966,303,politico,avvocato,mancante,Democrazia Cristiana,303,avvocato,Centro
http://www.wikidata.org/entity/Q3763518,Gianni Francesco Mattioli,1940.0,maschio,Genova,POINT (8.933983 44.407186),http://www.wikidata.org/entity/Q1449,1931-1940,6.0,Liguria,7.0,7.0,Nord,1975.0,1967-1986,301,politico,fisico,mancante,Federazione dei Verdi,301,altro,Sinistra/Centro Sinistra
http://www.wikidata.org/entity/Q3771647,Giuseppe Zamberletti,1933.0,maschio,Varese,POINT (8.833333 45.816667),http://www.wikidata.org/entity/Q6285,1931-1940,2.0,Lombardia,3.0,3.0,Nord,1968.0,1967-1986,335,politico,mancante,mancante,Democrazia Cristiana,335,mancante,Centro
http://www.wikidata.org/entity/Q3765739,Giorgio Santuz,1936.0,maschio,Udine,POINT (13.233333 46.066667),http://www.wikidata.org/entity/Q2790,1931-1940,5.0,Friuli-Venezia Giulia,6.0,6.0,Nord,1971.0,1967-1986,311,politico,mancante,mancante,Democrazia Cristiana,311,mancante,Centro
http://www.wikidata.org/entity/Q3848290,Mario Arcelli,1935.0,maschio,Milano,POINT (9.19 45.466944),http://www.wikidata.org/entity/Q490,1931-1940,2.0,Lombardia,3.0,3.0,Nord,1970.0,1967-1986,368,politico,economista,mancante,indipendente,368,economista,indipendente
http://www.wikidata.org/entity/Q4015076,Vito Gnutti,1939.0,maschio,Lumezzane,POINT (10.266667 45.65),http://www.wikidata.org/entity/Q105070,1931-1940,2.0,Lombardia,3.0,3.0,Nord,1974.0,1967-1986,441,politico,personalità-del-mondo-degli-affari,mancante,Lega Nord,441,imprenditore,Destra/Centro Destra
http://www.wikidata.org/entity/Q3903160,Piero Barucci,1933.0,maschio,Firenze,POINT (11.254167 43.771389),http://www.wikidata.org/entity/Q2044,1931-1940,8.0,Toscana,9.0,9.0,Centro,1968.0,1967-1986,402,politico,economista,mancante,Democrazia Cristiana,402,economista,Centro
http://www.wikidata.org/entity/Q3904008,Pietro Longo,1935.0,maschio,Roma,POINT (12.482778 41.893056),http://www.wikidata.org/entity/Q220,1931-1940,11.0,Lazio,12.0,12.0,Centro,1970.0,1967-1986,404,politico,mancante,mancante,Partito Socialista Democratico Italiano,404,mancante,Sinistra/Centro Sinistra
http://www.wikidata.org/entity/Q3876142,Nicola Capria,1932.0,maschio,Rosarno,POINT (15.979722 38.485),http://www.wikidata.org/entity/Q54644,1931-1940,17.0,Calabria,18.0,18.0,Sud,1967.0,1967-1986,389,politico,mancante,mancante,Partito Socialista Italiano,389,mancante,Sinistra/Centro Sinistra
http://www.wikidata.org/entity/Q3925320,Publio Fiori,1938.0,maschio,Roma,POINT (12.482778 41.893056),http://www.wikidata.org/entity/Q220,1931-1940,11.0,Lazio,12.0,12.0,Centro,1973.0,1967-1986,405,politico,mancante,mancante,Democrazia Cristiana,405,mancante,Centro
http://www.wikidata.org/entity/Q3856758,Michele Pinto,1931.0,maschio,Teggiano,POINT (15.533333 40.383333),http://www.wikidata.org/entity/Q81728,1931-1940,14.0,Campania,15.0,15.0,Sud,1966.0,1947-1966,387,politico,mancante,mancante,Democrazia Cristiana,387,mancante,Centro
http://www.wikidata.org/entity/Q3852674,Maurizio Pagani,1936.0,maschio,Milano,POINT (9.19 45.466944),http://www.wikidata.org/entity/Q490,1931-1940,2.0,Lombardia,3.0,3.0,Nord,1971.0,1967-1986,383,politico,ingegnere,mancante,Partito Socialista Democratico Italiano,383,ingegnere,Sinistra/Centro Sinistra
http://www.wikidata.org/entity/Q3932594,Renato Altissimo,1940.0,maschio,Portogruaro,POINT (12.833333 45.783333),http://www.wikidata.org/entity/Q47143,1931-1940,4.0,Veneto,5.0,5.0,Nord,1975.0,1967-1986,409,politico,personalità-del-mondo-degli-affari,mancante,Partito Liberale Italiano,409,imprenditore,Destra/Centro Destra
http://www.wikidata.org/entity/Q3767975,Giovanni Prandini,1940.0,maschio,Calvisano,POINT (10.345833 45.348889),http://www.wikidata.org/entity/Q103730,1931-1940,2.0,Lombardia,3.0,3.0,Nord,1975.0,1967-1986,322,politico,mancante,mancante,Democrazia Cristiana,322,mancante,Centro
http://www.wikidata.org/entity/Q3934534,Riccardo Misasi,1932.0,maschio,Cosenza,POINT (16.25 39.3),http://www.wikidata.org/entity/Q13619,1931-1940,17.0,Calabria,18.0,18.0,Sud,1967.0,1967-1986,410,politico,mancante,mancante,Democrazia Cristiana,410,mancante,Centro
http://www.wikidata.org/entity/Q3938941,Roberto Maria Radice,1938.0,maschio,Milano,POINT (9.19 45.466944),http://www.wikidata.org/entity/Q490,1931-1940,2.0,Lombardia,3.0,3.0,Nord,1973.0,1967-1986,413,politico,imprenditore,mancante,Forza Italia,413,imprenditore,Destra/Centro Destra
http://www.wikidata.org/entity/Q4015130,Vito Saccomandi,1939.0,maschio,Teramo,POINT (13.703911 42.658853),http://www.wikidata.org/entity/Q13137,1931-1940,12.0,Abruzzo,13.0,13.0,Sud,1974.0,1967-1986,442,politico,economista,mancante,indipendente,442,economista,indipendente
http://www.wikidata.org/entity/Q3938956,Roberto Mazzotta,1940.0,maschio,Milano,POINT (9.19 45.466944),http://www.wikidata.org/entity/Q490,1931-1940,2.0,Lombardia,3.0,3.0,Nord,1975.0,1967-1986,414,politico,banchiere,mancante,Democrazia Cristiana,414,imprenditore,Centro
http://www.wikidata.org/entity/Q3849080,Mario Sarcinelli,1934.0,maschio,Foggia,POINT (15.55188 41.45845),http://www.wikidata.org/entity/Q13464,1931-1940,15.0,Puglia,16.0,16.0,Sud,1969.0,1967-1986,376,politico,economista,banchiere,indipendente,376,economista,indipendente
http://www.wikidata.org/entity/Q3956028,Sergio Berlinguer,1934.0,maschio,Sassari,POINT (8.559167 40.726667),http://www.wikidata.org/entity/Q13629,1931-1940,19.0,Sardegna,20.0,20.0,Sud,1969.0,1967-1986,426,politico,diplomatico,funzionario,Democrazia Cristiana,426,diplomatico,Centro
http://www.wikidata.org/entity/Q38484,Romano Prodi,1939.0,maschio,Scandiano,POINT (10.687778 44.5925),http://www.wikidata.org/entity/Q111289,1931-1940,7.0,Emilia-Romagna,8.0,8.0,Nord,1974.0,1967-1986,369,politico,professore-universitario,economista,Democrazia Cristiana,369,professore,Centro
http://www.wikidata.org/entity/Q3766954,Giovanni Caravale,1935.0,maschio,Roma,POINT (12.482778 41.893056),http://www.wikidata.org/entity/Q220,1931-1940,11.0,Lazio,12.0,12.0,Centro,1970.0,1967-1986,315,politico,economista,mancante,indipendente,315,economista,indipendente
http://www.wikidata.org/entity/Q3972655,Stefano Podestà,1939.0,maschio,Chiavari,POINT (9.323736 44.316411),http://www.wikidata.org/entity/Q266941,1931-1940,6.0,Liguria,7.0,7.0,Nord,1974.0,1967-1986,430,politico,economista,mancante,Forza Italia,430,economista,Destra/Centro Destra
http://www.wikidata.org/entity/Q3992012,Tiziano Treu,1939.0,maschio,Vicenza,POINT (11.55 45.55),http://www.wikidata.org/entity/Q6537,1931-1940,4.0,Veneto,5.0,5.0,Nord,1974.0,1967-1986,432,politico,professore-universitario,giurista,Partito Democratico,432,professore,Sinistra/Centro Sinistra
http://www.wikidata.org/entity/Q3846928,Margherita Boniver,1938.0,femmina,Roma,POINT (12.482778 41.893056),http://www.wikidata.org/entity/Q220,1931-1940,11.0,Lazio,12.0,12.0,Centro,1973.0,1967-1986,365,politico,mancante,mancante,Partito Socialista Italiano,365,mancante,Sinistra/Centro Sinistra
http://www.wikidata.org/entity/Q4007930,Valerio Zanone,1936.0,maschio,Torino,POINT (7.676111 45.079167),http://www.wikidata.org/entity/Q495,1931-1940,0.0,Piemonte,1.0,1.0,Nord,1971.0,1967-1986,437,politico,mancante,mancante,Partito Democratico,437,mancante,Sinistra/Centro Sinistra
http://www.wikidata.org/entity/Q3840174,Luigi Spaventa,1934.0,maschio,Roma,POINT (12.482778 41.893056),http://www.wikidata.org/entity/Q220,1931-1940,11.0,Lazio,12.0,12.0,Centro,1969.0,1967-1986,364,politico,economista,mancante,sinistra indipendente,364,economista,Sinistra/Centro Sinistra
http://www.wikidata.org/entity/Q4013143,Vincenzo Caianiello,1932.0,maschio,Aversa,POINT (14.206475 40.973034),http://www.wikidata.org/entity/Q19279,1931-1940,14.0,Campania,15.0,15.0,Sud,1967.0,1967-1986,440,politico,giurista,giudice,indipendente,440,giurista,indipendente
http://www.wikidata.org/entity/Q3944319,Sabino Cassese,1935.0,maschio,Atripalda,POINT (14.825555 40.916667),http://www.wikidata.org/entity/Q55001,1931-1940,14.0,Campania,15.0,15.0,Sud,1970.0,1967-1986,418,politico,giurista,giudice,indipendente,418,giurista,indipendente
http://www.wikidata.org/entity/Q378897,Paolo Savona,1936.0,maschio,Cagliari,POINT (9.116667 39.216667),http://www.wikidata.org/entity/Q1897,1931-1940,19.0,Sardegna,20.0,20.0,Sud,1971.0,1967-1986,340,politico,economista,mancante,indipendente,340,economista,indipendente
http://www.wikidata.org/entity/Q3760928,Gerardo Bianco,1931.0,maschio,Guardia Lombardi,POINT (15.209722 40.954722),http://www.wikidata.org/entity/Q55042,1931-1940,14.0,Campania,15.0,15.0,Sud,1966.0,1947-1966,289,politico,professore-universitario,latinista,Democrazia Cristiana,289,professore,Centro
http://www.wikidata.org/entity/Q3762887,Giancarlo Lombardi,1937.0,maschio,Milano,POINT (9.19 45.466944),http://www.wikidata.org/entity/Q490,1931-1940,2.0,Lombardia,3.0,3.0,Nord,1972.0,1967-1986,296,politico,ingegnere,imprenditore,Partito Democratico,296,ingegnere,Sinistra/Centro Sinistra
http://www.wikidata.org/entity/Q3541976,Tullio De Mauro,1932.0,maschio,Torre Annunziata,POINT (14.444444 40.756944),http://www.wikidata.org/entity/Q72712,1931-1940,14.0,Campania,15.0,15.0,Sud,1967.0,1967-1986,185,politico,professore-universitario,linguista,indipendente,185,professore,indipendente
http://www.wikidata.org/entity/Q3339912,Nicola Vernola,1932.0,maschio,Bari,POINT (16.866667 41.125278),http://www.wikidata.org/entity/Q3519,1931-1940,15.0,Puglia,16.0,16.0,Sud,1967.0,1967-1986,179,politico,avvocato,mancante,Democrazia Cristiana,179,avvocato,Centro
http://www.wikidata.org/entity/Q327879,Luigi Berlinguer,1932.0,maschio,Sassari,POINT (8.559167 40.726667),http://www.wikidata.org/entity/Q13629,1931-1940,19.0,Sardegna,20.0,20.0,Sud,1967.0,1967-1986,175,politico,professore-universitario,mancante,Partito Democratico,175,professore,Sinistra/Centro Sinistra
http://www.wikidata.org/entity/Q2947026,Cesare Previti,1934.0,maschio,Reggio Calabria,POINT (15.65 38.114439),http://www.wikidata.org/entity/Q8471,1931-1940,17.0,Calabria,18.0,18.0,Sud,1969.0,1967-1986,153,politico,avvocato,mancante,Forza Italia,153,avvocato,Destra/Centro Destra
http://www.wikidata.org/entity/Q2871689,Augusto Fantozzi,1940.0,maschio,Roma,POINT (12.482778 41.893056),http://www.wikidata.org/entity/Q220,1931-1940,11.0,Lazio,12.0,12.0,Centro,1975.0,1967-1986,149,politico,giurista,personalità-del-mondo-degli-affari,L'Ulivo,149,giurista,Sinistra/Centro Sinistra
http://www.wikidata.org/entity/Q2847139,Giuseppe Tatarella,1935.0,maschio,Cerignola,POINT (15.9 41.266667),http://www.wikidata.org/entity/Q19277,1931-1940,15.0,Puglia,16.0,16.0,Sud,1970.0,1967-1986,147,politico,avvocato,giornalista,Alleanza Nazionale,147,avvocato,Destra/Centro Destra
http://www.wikidata.org/entity/Q738585,Giuseppe Pisanu,1937.0,maschio,Ittiri,POINT (8.569507 40.590753),http://www.wikidata.org/entity/Q390865,1931-1940,19.0,Sardegna,20.0,20.0,Sud,1972.0,1967-1986,548,politico,mancante,mancante,Scelta Civica,548,mancante,Centro
http://www.wikidata.org/entity/Q2460954,,1939.0,maschio,Milano,POINT (9.19 45.466944),http://www.wikidata.org/entity/Q490,1931-1940,2.0,Lombardia,3.0,3.0,Nord,1974.0,1967-1986,135,politico,economista,ministro,Partito Repubblicano Italiano,135,economista,Sinistra/Centro Sinistra
http://www.wikidata.org/entity/Q2312135,Piero Gnudi,1938.0,maschio,Bologna,POINT (11.342778 44.493889),http://www.wikidata.org/entity/Q1891,1931-1940,7.0,Emilia-Romagna,8.0,8.0,Nord,1973.0,1967-1986,133,politico,personalità-del-mondo-degli-affari,dirigente-d'azienda,indipendente,133,imprenditore,indipendente
http://www.wikidata.org/entity/Q2270132,Giuliano Urbani,1937.0,maschio,Perugia,POINT (12.388549 43.111918),http://www.wikidata.org/entity/Q3437,1931-1940,9.0,Umbria,10.0,10.0,Centro,1972.0,1967-1986,132,politico,professore-universitario,giornalista,Forza Italia,132,professore,Destra/Centro Destra
http://www.wikidata.org/entity/Q2246855,Paolo Cirino Pomicino,1939.0,maschio,Napoli,POINT (14.248611 40.835833),http://www.wikidata.org/entity/Q2634,1931-1940,14.0,Campania,15.0,15.0,Sud,1974.0,1967-1986,130,politico,direttore-sanitario,neurochirurgo,Democrazia Cristiana,130,medico,Centro
http://www.wikidata.org/entity/Q208100,Lamberto Dini,1931.0,maschio,Firenze,POINT (11.254167 43.771389),http://www.wikidata.org/entity/Q2044,1931-1940,8.0,Toscana,9.0,9.0,Centro,1966.0,1947-1966,128,politico,economista,diplomatico,Il Popolo della Libertà,128,economista,Destra/Centro Destra
http://www.wikidata.org/entity/Q2054889,Piero Giarda,1936.0,maschio,Milano,POINT (9.19 45.466944),http://www.wikidata.org/entity/Q490,1931-1940,2.0,Lombardia,3.0,3.0,Nord,1971.0,1967-1986,125,politico,economista,mancante,indipendente,125,economista,indipendente
http://www.wikidata.org/entity/Q202209,Giuliano Amato,1938.0,maschio,Torino,POINT (7.676111 45.079167),http://www.wikidata.org/entity/Q495,1931-1940,0.0,Piemonte,1.0,1.0,Nord,1973.0,1967-1986,120,politico,professore-universitario,giurista,Partito Democratico,120,professore,Sinistra/Centro Sinistra
http://www.wikidata.org/entity/Q19614758,Emilio De Rose,1939.0,maschio,Marano Marchesato,POINT (16.162457 39.31262),http://www.wikidata.org/entity/Q53910,1931-1940,17.0,Calabria,18.0,18.0,Sud,1974.0,1967-1986,116,politico,mancante,mancante,Partito Socialista Democratico Italiano,116,mancante,Sinistra/Centro Sinistra
http://www.wikidata.org/entity/Q1851923,Girolamo Sirchia,1933.0,maschio,Milano,POINT (9.19 45.466944),http://www.wikidata.org/entity/Q490,1931-1940,2.0,Lombardia,3.0,3.0,Nord,1968.0,1967-1986,109,politico,medico,ministro,Forza Italia,109,medico,Destra/Centro Destra
http://www.wikidata.org/entity/Q1055104,Pietro Lunardi,1939.0,maschio,Parma,POINT (10.328 44.801472),http://www.wikidata.org/entity/Q2683,1931-1940,7.0,Emilia-Romagna,8.0,8.0,Nord,1974.0,1967-1986,5,politico,ingegnere,imprenditore,Forza Italia,5,ingegnere,Destra/Centro Destra
http://www.wikidata.org/entity/Q1055575,Raffaele Costa,1936.0,maschio,Mondovì,POINT (7.816667 44.383333),http://www.wikidata.org/entity/Q20188,1931-1940,0.0,Piemonte,1.0,1.0,Nord,1971.0,1967-1986,7,politico,mancante,mancante,Forza Italia,7,mancante,Destra/Centro Destra
http://www.wikidata.org/entity/Q1056622,Guido Bodrato,1933.0,maschio,Monteu Roero,POINT (7.933333 44.783333),http://www.wikidata.org/entity/Q20210,1931-1940,0.0,Piemonte,1.0,1.0,Nord,1968.0,1967-1986,8,politico,economista,mancante,Democrazia Cristiana,8,economista,Centro
http://www.wikidata.org/entity/Q1074349,Luigi Scotti,1932.0,maschio,Napoli,POINT (14.248611 40.835833),http://www.wikidata.org/entity/Q2634,1931-1940,14.0,Campania,15.0,15.0,Sud,1967.0,1967-1986,14,politico,giurista,magistrato,indipendente,14,giurista,indipendente
http://www.wikidata.org/entity/Q11860,Silvio Berlusconi,1936.0,maschio,Milano,POINT (9.19 45.466944),http://www.wikidata.org/entity/Q490,1931-1940,2.0,Lombardia,3.0,3.0,Nord,1971.0,1967-1986,26,politico,imprenditore,magnate-dell'informazione,Forza Italia,26,imprenditore,Destra/Centro Destra
http://www.wikidata.org/entity/Q1240927,Agazio Loiero,1940.0,maschio,Santa Severina,POINT (16.916667 39.15),http://www.wikidata.org/entity/Q54519,1931-1940,17.0,Calabria,18.0,18.0,Sud,1975.0,1967-1986,40,politico,mancante,mancante,Partito Democratico,40,mancante,Sinistra/Centro Sinistra
http://www.wikidata.org/entity/Q3606761,Agostino Gambino,1933.0,maschio,Genova,POINT (8.933983 44.407186),http://www.wikidata.org/entity/Q1449,1931-1940,6.0,Liguria,7.0,7.0,Nord,1968.0,1967-1986,193,politico,giurista,mancante,indipendente,193,giurista,indipendente
http://www.wikidata.org/entity/Q941128,Giovanni Maria Flick,1940.0,maschio,Cirié,POINT (7.600308 45.235277),http://www.wikidata.org/entity/Q9284,1931-1940,0.0,Piemonte,1.0,1.0,Nord,1975.0,1967-1986,568,politico,avvocato,professore-universitario,Centro Democratico,568,avvocato,Sinistra/Centro Sinistra
http://www.wikidata.org/entity/Q1394623,Franco Carraro,1939.0,maschio,Padova,POINT (11.873333 45.407778),http://www.wikidata.org/entity/Q617,1931-1940,4.0,Veneto,5.0,5.0,Nord,1974.0,1967-1986,60,politico,mancante,mancante,Forza Italia,60,mancante,Destra/Centro Destra
http://www.wikidata.org/entity/Q1428924,Nicola Mancino,1931.0,maschio,Montefalcione,POINT (14.884722 40.9625),http://www.wikidata.org/entity/Q55057,1931-1940,14.0,Campania,15.0,15.0,Sud,1966.0,1947-1966,66,politico,avvocato,giudice,Democrazia Cristiana,66,avvocato,Centro
http://www.wikidata.org/entity/Q929763,Franco Bassanini,1940.0,maschio,Milano,POINT (9.19 45.466944),http://www.wikidata.org/entity/Q490,1931-1940,2.0,Lombardia,3.0,3.0,Nord,1975.0,1967-1986,564,politico,avvocato,mancante,Partito Democratico,564,avvocato,Sinistra/Centro Sinistra
http://www.wikidata.org/entity/Q913004,Antonio Paolucci,1939.0,maschio,Rimini,POINT (12.568333 44.059444),http://www.wikidata.org/entity/Q13369,1931-1940,7.0,Emilia-Romagna,8.0,8.0,Nord,1974.0,1967-1986,562,politico,prefattore,storico-dell'arte,indipendente,562,accademico,indipendente
http://www.wikidata.org/entity/Q902439,Gianni De Michelis,1940.0,maschio,Venezia,POINT (12.331944 45.439722),http://www.wikidata.org/entity/Q641,1931-1940,4.0,Veneto,5.0,5.0,Nord,1975.0,1967-1986,560,politico,diplomatico,chimico,Partito Socialista Italiano,560,diplomatico,Sinistra/Centro Sinistra
http://www.wikidata.org/entity/Q1695842,Vincenzo Scotti,1933.0,maschio,Napoli,POINT (14.248611 40.835833),http://www.wikidata.org/entity/Q2634,1931-1940,14.0,Campania,15.0,15.0,Sud,1968.0,1967-1986,98,politico,economista,diplomatico,Democrazia Cristiana,98,economista,Centro
http://www.wikidata.org/entity/Q1343817,Enrico Manca,1931.0,maschio,Roma,POINT (12.482778 41.893056),http://www.wikidata.org/entity/Q220,1931-1940,11.0,Lazio,12.0,12.0,Centro,1966.0,1947-1966,48,politico,giornalista,mancante,Partito Democratico,48,giornalista,Sinistra/Centro Sinistra
http://www.wikidata.org/entity/Q3610018,Sandro Fontana,1936.0,maschio,Marcheno,POINT (10.216667 45.7),http://www.wikidata.org/entity/Q105155,1931-1940,2.0,Lombardia,3.0,3.0,Nord,1971.0,1967-1986,200,politico,mancante,mancante,Democrazia Cristiana,200,mancante,Centro
http://www.wikidata.org/entity/Q192818,Bettino Craxi,1934.0,maschio,Milano,POINT (9.19 45.466944),http://www.wikidata.org/entity/Q490,1931-1940,2.0,Lombardia,3.0,3.0,Nord,1969.0,1967-1986,114,politico,mancante,mancante,Partito Socialista Italiano,114,mancante,Sinistra/Centro Sinistra
http://www.wikidata.org/entity/Q558991,Tommaso Padoa-Schioppa,1940.0,maschio,Belluno,POINT (12.215561 46.140831),http://www.wikidata.org/entity/Q6558,1931-1940,4.0,Veneto,5.0,5.0,Nord,1975.0,1967-1986,504,politico,economista,banchiere,indipendente,504,economista,indipendente
http://www.wikidata.org/entity/Q715394,Arturo Parisi,1940.0,maschio,San Mango Piemonte,POINT (14.833333 40.7),http://www.wikidata.org/entity/Q81553,1931-1940,14.0,Campania,15.0,15.0,Sud,1975.0,1967-1986,538,politico,mancante,mancante,Partito Democratico,538,mancante,Sinistra/Centro Sinistra
http://www.wikidata.org/entity/Q3619732,Antonio Maria La Pergola,1931.0,maschio,Catania,POINT (15.087269 37.502669),http://www.wikidata.org/entity/Q1903,1931-1940,18.0,Sicilia,19.0,19.0,Sud,1966.0,1947-1966,209,politico,professore-universitario,giurista,Partito Socialista Italiano,209,professore,Sinistra/Centro Sinistra
http://www.wikidata.org/entity/Q3749856,Francesco D'Onofrio,1939.0,maschio,Salerno,POINT (14.759444 40.680556),http://www.wikidata.org/entity/Q1083,1931-1940,14.0,Campania,15.0,15.0,Sud,1974.0,1967-1986,274,politico,mancante,mancante,Democrazia Cristiana,274,mancante,Centro
http://www.wikidata.org/entity/Q726118,Mino Martinazzoli,1931.0,maschio,Orzinuovi,POINT (9.933333 45.4),http://www.wikidata.org/entity/Q105399,1931-1940,2.0,Lombardia,3.0,3.0,Nord,1966.0,1947-1966,540,politico,avvocato,mancante,Democrazia Cristiana,540,avvocato,Centro
http://www.wikidata.org/entity/Q3749879,Francesco De Lorenzo,1938.0,maschio,Napoli,POINT (14.248611 40.835833),http://www.wikidata.org/entity/Q2634,1931-1940,14.0,Campania,15.0,15.0,Sud,1973.0,1967-1986,275,politico,medico,mancante,Partito Liberale Italiano,275,medico,Destra/Centro Destra
http://www.wikidata.org/entity/Q3713032,Domenico Fisichella,1935.0,maschio,Messina,POINT (15.554167 38.193611),http://www.wikidata.org/entity/Q13666,1931-1940,18.0,Sicilia,19.0,19.0,Sud,1970.0,1967-1986,248,politico,professore-universitario,giornalista,Alleanza Nazionale,248,professore,Destra/Centro Destra
http://www.wikidata.org/entity/Q3751322,Franco Foschi,1931.0,maschio,Recanati,POINT (13.55253 43.39855),http://www.wikidata.org/entity/Q83362,1931-1940,10.0,Marche,11.0,11.0,Centro,1966.0,1947-1966,280,politico,scrittore,mancante,Democrazia Cristiana,280,scrittore,Centro
http://www.wikidata.org/entity/Q3680282,Claudio Vitalone,1936.0,maschio,Reggio Calabria,POINT (15.65 38.114439),http://www.wikidata.org/entity/Q8471,1931-1940,17.0,Calabria,18.0,18.0,Sud,1971.0,1967-1986,239,politico,giudice,magistrato,Democrazia Cristiana,239,giudice,Centro
http://www.wikidata.org/entity/Q3680233,Claudio Signorile,1937.0,maschio,Bari,POINT (16.866667 41.125278),http://www.wikidata.org/entity/Q3519,1931-1940,15.0,Puglia,16.0,16.0,Sud,1972.0,1967-1986,238,politico,mancante,mancante,Partito Democratico,238,mancante,Sinistra/Centro Sinistra
http://www.wikidata.org/entity/Q3751341,Franco Gallo,1937.0,maschio,Roma,POINT (12.482778 41.893056),http://www.wikidata.org/entity/Q220,1931-1940,11.0,Lazio,12.0,12.0,Centro,1972.0,1967-1986,281,politico,avvocato,giurista,indipendente,281,avvocato,indipendente
http://www.wikidata.org/entity/Q3751546,Franco Reviglio,1935.0,maschio,Torino,POINT (7.676111 45.079167),http://www.wikidata.org/entity/Q495,1931-1940,0.0,Piemonte,1.0,1.0,Nord,1970.0,1967-1986,283,politico,economista,personalità-del-mondo-degli-affari,Partito Socialista Italiano,283,economista,Sinistra/Centro Sinistra
http://www.wikidata.org/entity/Q3756999,Gaetano Gifuni,1932.0,maschio,Lucera,POINT (15.333333 41.5),http://www.wikidata.org/entity/Q51933,1931-1940,15.0,Puglia,16.0,16.0,Sud,1967.0,1967-1986,284,politico,funzionario,mancante,indipendente,284,funzionario,indipendente
http://www.wikidata.org/entity/Q3725868,Enrico Luigi Micheli,1938.0,maschio,Terni,POINT (12.646782 42.560771),http://www.wikidata.org/entity/Q8621,1931-1940,9.0,Umbria,10.0,10.0,Centro,1973.0,1967-1986,260,politico,scrittore,fotografo,Partito Democratico,260,scrittore,Sinistra/Centro Sinistra
http://www.wikidata.org/entity/Q3659902,Carlo Tognoli,1938.0,maschio,Milano,POINT (9.19 45.466944),http://www.wikidata.org/entity/Q490,1931-1940,2.0,Lombardia,3.0,3.0,Nord,1973.0,1967-1986,231,politico,giornalista,mancante,Partito Socialista Italiano,231,giornalista,Sinistra/Centro Sinistra
http://www.wikidata.org/entity/Q3659367,Carlo Fracanzani,1935.0,maschio,Padova,POINT (11.873333 45.407778),http://www.wikidata.org/entity/Q617,1931-1940,4.0,Veneto,5.0,5.0,Nord,1970.0,1967-1986,229,politico,mancante,mancante,Democrazia Cristiana,229,mancante,Centro
http://www.wikidata.org/entity/Q3660234,Carmelo Conte,1938.0,maschio,Piaggine,POINT (15.383333 40.35),http://www.wikidata.org/entity/Q81325,1931-1940,14.0,Campania,15.0,15.0,Sud,1973.0,1967-1986,232,politico,mancante,mancante,Partito Socialista Italiano,232,mancante,Sinistra/Centro Sinistra
http://www.wikidata.org/entity/Q3737692,Fabio Fabbri,1933.0,maschio,Canossa,POINT (10.455307 44.573555),http://www.wikidata.org/entity/Q111144,1931-1940,7.0,Emilia-Romagna,8.0,8.0,Nord,1968.0,1967-1986,264,politico,avvocato,giornalista,Partito Socialista Italiano,264,avvocato,Sinistra/Centro Sinistra
http://www.wikidata.org/entity/Q3629589,Augusto Barbera,1938.0,maschio,Aidone,POINT (14.45 37.416667),http://www.wikidata.org/entity/Q56196,1931-1940,18.0,Sicilia,19.0,19.0,Sud,1973.0,1967-1986,216,politico,giurista,giudice-della-corte-costituzionale-della-repubblica-italiana,Partito Democratico,216,giurista,Sinistra/Centro Sinistra
http://www.wikidata.org/entity/Q3659068,Carlo Bernini,1936.0,maschio,Bondeno,POINT (11.41542 44.88944),http://www.wikidata.org/entity/Q95093,1931-1940,7.0,Emilia-Romagna,8.0,8.0,Nord,1971.0,1967-1986,227,politico,mancante,mancante,Democrazia Cristiana,227,mancante,Centro
http://www.wikidata.org/entity/Q3619856,Antonio Marzano,1935.0,maschio,Roma,POINT (12.482778 41.893056),http://www.wikidata.org/entity/Q220,1931-1940,11.0,Lazio,12.0,12.0,Centro,1970.0,1967-1986,211,politico,economista,ministro,Forza Italia,211,economista,Destra/Centro Destra
http://www.wikidata.org/entity/Q15768223,Pier Carlo Padoan,1950.0,maschio,Roma,POINT (12.482778 41.893056),http://www.wikidata.org/entity/Q220,1941-1950,11.0,Lazio,12.0,12.0,Centro,1985.0,1967-1986,85,politico,professore-universitario,economista,Partito Democratico,85,professore,Sinistra/Centro Sinistra
http://www.wikidata.org/entity/Q542406,Piero Fassino,1949.0,maschio,Avigliana,POINT (7.39839 45.077944),http://www.wikidata.org/entity/Q9008,1941-1950,0.0,Piemonte,1.0,1.0,Nord,1984.0,1967-1986,492,politico,mancante,mancante,Partito Democratico,492,mancante,Sinistra/Centro Sinistra
http://www.wikidata.org/entity/Q1394911,Clemente Mastella,1947.0,maschio,Ceppaloni,POINT (14.766667 41.05),http://www.wikidata.org/entity/Q55893,1941-1950,14.0,Campania,15.0,15.0,Sud,1982.0,1967-1986,61,politico,giornalista,mancante,indipendente,61,giornalista,indipendente
http://www.wikidata.org/entity/Q3738115,Fabrizio Saccomanni,1942.0,maschio,Roma,POINT (12.482778 41.893056),http://www.wikidata.org/entity/Q220,1941-1950,11.0,Lazio,12.0,12.0,Centro,1977.0,1967-1986,265,politico,economista,banchiere,indipendente,265,economista,indipendente
http://www.wikidata.org/entity/Q930967,Maria Elisabetta Alberti Casellati,1946.0,femmina,Rovigo,POINT (11.794 45.0809),http://www.wikidata.org/entity/Q6572,1941-1950,4.0,Veneto,5.0,5.0,Nord,1981.0,1967-1986,565,politico,mancante,mancante,Forza Italia,565,mancante,Destra/Centro Destra
http://www.wikidata.org/entity/Q3929658,Rainer Masera,1944.0,maschio,Como,POINT (9.086139 45.81025),http://www.wikidata.org/entity/Q1308,1941-1950,2.0,Lombardia,3.0,3.0,Nord,1979.0,1967-1986,407,politico,economista,banchiere,indipendente,407,economista,indipendente
http://www.wikidata.org/entity/Q54555492,Giovanni Tria,1948.0,maschio,Roma,POINT (12.482778 41.893056),http://www.wikidata.org/entity/Q220,1941-1950,11.0,Lazio,12.0,12.0,Centro,1983.0,1967-1986,494,politico,professore-universitario,economista,indipendente,494,professore,indipendente
http://www.wikidata.org/entity/Q3956186,Sergio Mattarella,1941.0,maschio,Palermo,POINT (13.361262 38.115658),http://www.wikidata.org/entity/Q2656,1941-1950,18.0,Sicilia,19.0,19.0,Sud,1976.0,1967-1986,427,politico,avvocato,professore-universitario,Democrazia Cristiana,427,avvocato,Centro
http://www.wikidata.org/entity/Q780501,Lorenzo Ornaghi,1948.0,maschio,Villasanta,POINT (9.303306 45.605278),http://www.wikidata.org/entity/Q40659,1941-1950,2.0,Lombardia,3.0,3.0,Nord,1983.0,1967-1986,553,politico,professore-universitario,giornalista,indipendente,553,professore,indipendente
http://www.wikidata.org/entity/Q1441240,Francesco Speroni,1946.0,maschio,Busto Arsizio,POINT (8.8518 45.611958),http://www.wikidata.org/entity/Q1155,1941-1950,2.0,Lombardia,3.0,3.0,Nord,1981.0,1967-1986,68,politico,mancante,mancante,Lega Nord,68,mancante,Destra/Centro Destra
http://www.wikidata.org/entity/Q3946288,Salvo Andò,1945.0,maschio,Giarre,POINT (15.1875 37.726389),http://www.wikidata.org/entity/Q478322,1941-1950,18.0,Sicilia,19.0,19.0,Sud,1980.0,1967-1986,425,politico,professore-universitario,giornalista,Partito Democratico,425,professore,Sinistra/Centro Sinistra
http://www.wikidata.org/entity/Q1394411,Ignazio La Russa,1947.0,maschio,Paternò,POINT (14.9 37.566667),http://www.wikidata.org/entity/Q478741,1941-1950,18.0,Sicilia,19.0,19.0,Sud,1982.0,1967-1986,59,politico,avvocato,mancante,Fratelli d'Italia,59,avvocato,Destra/Centro Destra
http://www.wikidata.org/entity/Q58078,Giulio Terzi di Sant'Agata,1946.0,maschio,Bergamo,POINT (9.67 45.695),http://www.wikidata.org/entity/Q628,1941-1950,2.0,Lombardia,3.0,3.0,Nord,1981.0,1967-1986,510,politico,diplomatico,mancante,indipendente,510,diplomatico,indipendente
http://www.wikidata.org/entity/Q3746528,Flavio Zanonato,1950.0,maschio,Padova,POINT (11.873333 45.407778),http://www.wikidata.org/entity/Q617,1941-1950,4.0,Veneto,5.0,5.0,Nord,1985.0,1967-1986,271,politico,mancante,mancante,Partito Democratico,271,mancante,Sinistra/Centro Sinistra
http://www.wikidata.org/entity/Q686194,Vincenzo Visco,1942.0,maschio,Foggia,POINT (15.55188 41.45845),http://www.wikidata.org/entity/Q13464,1941-1950,15.0,Puglia,16.0,16.0,Sud,1977.0,1967-1986,535,politico,economista,mancante,Partito Democratico,535,economista,Sinistra/Centro Sinistra
http://www.wikidata.org/entity/Q3946001,Salvatore Cardinale,1948.0,maschio,Mussomeli,POINT (13.7525 37.579444),http://www.wikidata.org/entity/Q477600,1941-1950,18.0,Sicilia,19.0,19.0,Sud,1983.0,1967-1986,419,politico,mancante,mancante,Democrazia Cristiana,419,mancante,Centro
http://www.wikidata.org/entity/Q1535927,Ottaviano Del Turco,1944.0,maschio,Collelongo,POINT (13.585833 41.887778),http://www.wikidata.org/entity/Q50087,1941-1950,12.0,Abruzzo,13.0,13.0,Sud,1979.0,1967-1986,80,politico,sindacalista,mancante,Partito Democratico,80,sindacalista,Sinistra/Centro Sinistra
http://www.wikidata.org/entity/Q551188,Rocco Buttiglione,1948.0,maschio,Gallipoli,POINT (17.991667 40.055556),http://www.wikidata.org/entity/Q52143,1941-1950,15.0,Puglia,16.0,16.0,Sud,1983.0,1967-1986,501,politico,ministro,mancante,Unione di Centro (2002),501,ministro,Centro
http://www.wikidata.org/entity/Q7910027,Valeria Fedeli,1949.0,femmina,Treviglio,POINT (9.592778 45.521389),http://www.wikidata.org/entity/Q101685,1941-1950,2.0,Lombardia,3.0,3.0,Nord,1984.0,1967-1986,556,politico,sindacalista,mancante,Partito Democratico,556,sindacalista,Sinistra/Centro Sinistra
http://www.wikidata.org/entity/Q1071053,Cesare Damiano,1948.0,maschio,Cuneo,POINT (7.55 44.383333),http://www.wikidata.org/entity/Q5968,1941-1950,0.0,Piemonte,1.0,1.0,Nord,1983.0,1967-1986,12,politico,sindacalista,mancante,Partito Democratico,12,sindacalista,Sinistra/Centro Sinistra
http://www.wikidata.org/entity/Q1098169,Claudio Scajola,1948.0,maschio,Imperia,POINT (8.029653 43.886467),http://www.wikidata.org/entity/Q13318,1941-1950,6.0,Liguria,7.0,7.0,Nord,1983.0,1967-1986,19,politico,mancante,mancante,Democrazia Cristiana,19,mancante,Centro
http://www.wikidata.org/entity/Q4007598,Valdo Spini,1946.0,maschio,Firenze,POINT (11.254167 43.771389),http://www.wikidata.org/entity/Q2044,1941-1950,8.0,Toscana,9.0,9.0,Centro,1981.0,1967-1986,436,politico,mancante,mancante,Partito Socialista Italiano,436,mancante,Sinistra/Centro Sinistra
http://www.wikidata.org/entity/Q50002,Emma Bonino,1948.0,femmina,Bra,POINT (7.85 44.7),http://www.wikidata.org/entity/Q18382,1941-1950,0.0,Piemonte,1.0,1.0,Nord,1983.0,1967-1986,475,politico,mancante,mancante,Partito Radicale,475,mancante,Sinistra/Centro Sinistra
http://www.wikidata.org/entity/Q48602,Andrea Riccardi,1950.0,maschio,Roma,POINT (12.482778 41.893056),http://www.wikidata.org/entity/Q220,1941-1950,11.0,Lazio,12.0,12.0,Centro,1985.0,1967-1986,473,politico,storico,professore,Scelta Civica,473,storico,Centro
http://www.wikidata.org/entity/Q47904,Mario Monti,1943.0,maschio,Varese,POINT (8.833333 45.816667),http://www.wikidata.org/entity/Q6285,1941-1950,2.0,Lombardia,3.0,3.0,Nord,1978.0,1967-1986,472,politico,professore-universitario,economista,Scelta Civica,472,professore,Centro
http://www.wikidata.org/entity/Q47832,Umberto Bossi,1941.0,maschio,Cassano Magnago,POINT (8.833333 45.683333),http://www.wikidata.org/entity/Q40202,1941-1950,2.0,Lombardia,3.0,3.0,Nord,1976.0,1967-1986,471,politico,mancante,mancante,Lega Nord,471,mancante,Destra/Centro Destra
http://www.wikidata.org/entity/Q47602,Massimo D'Alema,1949.0,maschio,Roma,POINT (12.482778 41.893056),http://www.wikidata.org/entity/Q220,1941-1950,11.0,Lazio,12.0,12.0,Centro,1984.0,1967-1986,470,politico,giornalista,diplomatico,Partito Democratico,470,giornalista,Sinistra/Centro Sinistra
http://www.wikidata.org/entity/Q47547,Antonio Di Pietro,1950.0,maschio,Montenero di Bisaccia,POINT (14.783333 41.95),http://www.wikidata.org/entity/Q277822,1941-1950,13.0,Molise,14.0,14.0,Sud,1985.0,1967-1986,466,politico,avvocato,giudice,Italia dei Valori,466,avvocato,Centro
http://www.wikidata.org/entity/Q630738,Carlo Scognamiglio,1944.0,maschio,Varese,POINT (8.833333 45.816667),http://www.wikidata.org/entity/Q6285,1941-1950,2.0,Lombardia,3.0,3.0,Nord,1979.0,1967-1986,521,politico,professore-universitario,economista,Partito Liberale Italiano,521,professore,Destra/Centro Destra
http://www.wikidata.org/entity/Q645165,Carlo Giovanardi,1950.0,maschio,Modena,POINT (10.92572 44.64582),http://www.wikidata.org/entity/Q279,1941-1950,7.0,Emilia-Romagna,8.0,8.0,Nord,1985.0,1967-1986,522,politico,mancante,mancante,Identità e Azione,522,mancante,Destra/Centro Destra
http://www.wikidata.org/entity/Q946114,Paolo Costa,1943.0,maschio,Venezia,POINT (12.331944 45.439722),http://www.wikidata.org/entity/Q641,1941-1950,4.0,Veneto,5.0,5.0,Nord,1978.0,1967-1986,570,politico,professore-universitario,economista,Partito Democratico,570,professore,Sinistra/Centro Sinistra
http://www.wikidata.org/entity/Q1098092,Claudio Martelli,1943.0,maschio,Gessate,POINT (9.433333 45.55),http://www.wikidata.org/entity/Q42993,1941-1950,2.0,Lombardia,3.0,3.0,Nord,1978.0,1967-1986,18,politico,giornalista,conduttore-televisivo,Partito Socialista Italiano,18,giornalista,Sinistra/Centro Sinistra
http://www.wikidata.org/entity/Q647148,Giampaolo Di Paola,1944.0,maschio,Torre Annunziata,POINT (14.444444 40.756944),http://www.wikidata.org/entity/Q72712,1941-1950,14.0,Campania,15.0,15.0,Sud,1979.0,1967-1986,523,politico,ufficiale,mancante,indipendente,523,ufficiale,indipendente
http://www.wikidata.org/entity/Q1082088,Carlo Vizzini,1947.0,maschio,Palermo,POINT (13.361262 38.115658),http://www.wikidata.org/entity/Q2656,1941-1950,18.0,Sicilia,19.0,19.0,Sud,1982.0,1967-1986,17,politico,mancante,mancante,Partito Socialista Democratico Italiano,17,mancante,Sinistra/Centro Sinistra
http://www.wikidata.org/entity/Q445665,Elsa Fornero,1948.0,femmina,San Carlo Canavese,POINT (7.610843 45.247826),http://www.wikidata.org/entity/Q10258,1941-1950,0.0,Piemonte,1.0,1.0,Nord,1983.0,1967-1986,451,politico,professore-universitario,economista,indipendente,451,professore,indipendente
http://www.wikidata.org/entity/Q1218549,Antonio Bassolino,1947.0,maschio,Afragola,POINT (14.316667 40.916667),http://www.wikidata.org/entity/Q71610,1941-1950,14.0,Campania,15.0,15.0,Sud,1982.0,1967-1986,30,politico,mancante,mancante,Partito Democratico,30,mancante,Sinistra/Centro Sinistra
http://www.wikidata.org/entity/Q3762674,Gian Guido Folloni,1946.0,maschio,Scandiano,POINT (10.687778 44.5925),http://www.wikidata.org/entity/Q111289,1941-1950,7.0,Emilia-Romagna,8.0,8.0,Nord,1981.0,1967-1986,294,politico,giornalista,mancante,Democrazia Cristiana,294,giornalista,Centro
http://www.wikidata.org/entity/Q4019905,Willer Bordon,1949.0,maschio,Muggia,POINT (13.766667 45.6),http://www.wikidata.org/entity/Q16937,1941-1950,5.0,Friuli-Venezia Giulia,6.0,6.0,Nord,1984.0,1967-1986,445,politico,mancante,mancante,Partito Comunista Italiano,445,mancante,Sinistra/Centro Sinistra
http://www.wikidata.org/entity/Q1071082,Barbara Pollastrini,1947.0,femmina,Darfo Boario Terme,POINT (10.186667 45.894444),http://www.wikidata.org/entity/Q104565,1941-1950,2.0,Lombardia,3.0,3.0,Nord,1982.0,1967-1986,13,politico,mancante,mancante,Partito Democratico,13,mancante,Sinistra/Centro Sinistra
http://www.wikidata.org/entity/Q603390,Antonio Martino,1942.0,maschio,Messina,POINT (15.554167 38.193611),http://www.wikidata.org/entity/Q13666,1941-1950,18.0,Sicilia,19.0,19.0,Sud,1977.0,1967-1986,515,politico,professore-universitario,giornalista,Partito Liberale Italiano,515,professore,Destra/Centro Destra
http://www.wikidata.org/entity/Q934331,Giulio Santagata,1949.0,maschio,Zocca,POINT (10.990407 44.347264),http://www.wikidata.org/entity/Q100113,1941-1950,7.0,Emilia-Romagna,8.0,8.0,Nord,1984.0,1967-1986,567,politico,mancante,mancante,Partito Democratico,567,mancante,Sinistra/Centro Sinistra
http://www.wikidata.org/entity/Q4013068,Vincenza Bono,1942.0,femmina,Alcamo,POINT (12.966667 37.966667),http://www.wikidata.org/entity/Q481544,1941-1950,18.0,Sicilia,19.0,19.0,Sud,1977.0,1967-1986,438,politico,mancante,mancante,Partito Socialista Democratico Italiano,438,mancante,Sinistra/Centro Sinistra
http://www.wikidata.org/entity/Q446679,Patrizia Toia,1950.0,femmina,Pogliano Milanese,POINT (8.990315 45.536685),http://www.wikidata.org/entity/Q42459,1941-1950,2.0,Lombardia,3.0,3.0,Nord,1985.0,1967-1986,453,politico,mancante,mancante,Democrazia Cristiana,453,mancante,Centro
http://www.wikidata.org/entity/Q1377749,Alessandro Bianchi,1945.0,maschio,Roma,POINT (12.482778 41.893056),http://www.wikidata.org/entity/Q220,1941-1950,11.0,Lazio,12.0,12.0,Centro,1980.0,1967-1986,54,politico,professore-universitario,ingegnere-civile,Partito Democratico,54,professore,Sinistra/Centro Sinistra
http://www.wikidata.org/entity/Q1532642,Paolo Romani,1947.0,maschio,Milano,POINT (9.19 45.466944),http://www.wikidata.org/entity/Q490,1941-1950,2.0,Lombardia,3.0,3.0,Nord,1982.0,1967-1986,79,politico,giornalista,mancante,Forza Italia,79,giornalista,Destra/Centro Destra
http://www.wikidata.org/entity/Q2947036,Cesare Salvi,1948.0,maschio,Lecce,POINT (18.169139 40.352011),http://www.wikidata.org/entity/Q13386,1941-1950,15.0,Puglia,16.0,16.0,Sud,1983.0,1967-1986,154,politico,avvocato,giurista,Democratici di Sinistra,154,avvocato,Sinistra/Centro Sinistra
http://www.wikidata.org/entity/Q2246867,Adriana Poli Bortone,1943.0,femmina,Lecce,POINT (18.169139 40.352011),http://www.wikidata.org/entity/Q13386,1941-1950,15.0,Puglia,16.0,16.0,Sud,1978.0,1967-1986,131,politico,professore-universitario,latinista,Alleanza Nazionale,131,professore,Destra/Centro Destra
http://www.wikidata.org/entity/Q3719660,Edoardo Ronchi,1950.0,maschio,Treviglio,POINT (9.592778 45.521389),http://www.wikidata.org/entity/Q101685,1941-1950,2.0,Lombardia,3.0,3.0,Nord,1985.0,1967-1986,251,politico,sociologo,mancante,Partito Democratico,251,accademico,Sinistra/Centro Sinistra
http://www.wikidata.org/entity/Q3832605,Linda Lanzillotta,1948.0,femmina,Cassano all'Ionio,POINT (16.318889 39.783889),http://www.wikidata.org/entity/Q53853,1941-1950,17.0,Calabria,18.0,18.0,Sud,1983.0,1967-1986,347,politico,mancante,mancante,Partito Democratico,347,mancante,Sinistra/Centro Sinistra
http://www.wikidata.org/entity/Q3342241,Nitto Palma,1950.0,maschio,Roma,POINT (12.482778 41.893056),http://www.wikidata.org/entity/Q220,1941-1950,11.0,Lazio,12.0,12.0,Centro,1985.0,1967-1986,180,politico,magistrato,mancante,Il Popolo della Libertà,180,giudice,Destra/Centro Destra
http://www.wikidata.org/entity/Q239024,Letizia Moratti,1949.0,femmina,Milano,POINT (9.19 45.466944),http://www.wikidata.org/entity/Q490,1941-1950,2.0,Lombardia,3.0,3.0,Nord,1984.0,1967-1986,134,politico,personalità-del-mondo-degli-affari,mancante,Forza Italia,134,imprenditore,Destra/Centro Destra
http://www.wikidata.org/entity/Q2573947,Renato Brunetta,1950.0,maschio,Venezia,POINT (12.331944 45.439722),http://www.wikidata.org/entity/Q641,1941-1950,4.0,Veneto,5.0,5.0,Nord,1985.0,1967-1986,140,politico,professore-universitario,giornalista,Forza Italia,140,professore,Destra/Centro Destra
http://www.wikidata.org/entity/Q732850,Giulio Tremonti,1947.0,maschio,Sondrio,POINT (9.87 46.16972),http://www.wikidata.org/entity/Q6274,1941-1950,2.0,Lombardia,3.0,3.0,Nord,1982.0,1967-1986,546,politico,professore-universitario,mancante,Partito Socialista Italiano,546,professore,Sinistra/Centro Sinistra
http://www.wikidata.org/entity/Q2832307,Aldo Brancher,1943.0,maschio,Trichiana,POINT (12.134445 46.074444),http://www.wikidata.org/entity/Q40468,1941-1950,4.0,Veneto,5.0,5.0,Nord,1978.0,1967-1986,146,politico,personalità-del-mondo-degli-affari,mancante,Il Popolo della Libertà,146,imprenditore,Destra/Centro Destra
http://www.wikidata.org/entity/Q336259,Giovanni Goria,1943.0,maschio,Asti,POINT (8.206945 44.9),http://www.wikidata.org/entity/Q6122,1941-1950,0.0,Piemonte,1.0,1.0,Nord,1978.0,1967-1986,181,politico,economista,mancante,Democrazia Cristiana,181,economista,Centro
http://www.wikidata.org/entity/Q3680014,Claudio De Vincenti,1948.0,maschio,Roma,POINT (12.482778 41.893056),http://www.wikidata.org/entity/Q220,1941-1950,11.0,Lazio,12.0,12.0,Centro,1983.0,1967-1986,237,politico,economista,mancante,Partito Democratico,237,economista,Sinistra/Centro Sinistra
http://www.wikidata.org/entity/Q291186,Paola Severino,1948.0,femmina,Napoli,POINT (14.248611 40.835833),http://www.wikidata.org/entity/Q2634,1941-1950,14.0,Campania,15.0,15.0,Sud,1983.0,1967-1986,150,politico,avvocato,giurista,indipendente,150,avvocato,indipendente
http://www.wikidata.org/entity/Q291249,Annamaria Cancellieri,1943.0,femmina,Roma,POINT (12.482778 41.893056),http://www.wikidata.org/entity/Q220,1941-1950,11.0,Lazio,12.0,12.0,Centro,1978.0,1967-1986,151,politico,mancante,mancante,indipendente,151,mancante,indipendente
http://www.wikidata.org/entity/Q3847822,Maria Pia Garavaglia,1947.0,femmina,Cuggiono,POINT (8.816667 45.5),http://www.wikidata.org/entity/Q42975,1941-1950,2.0,Lombardia,3.0,3.0,Nord,1982.0,1967-1986,367,politico,insegnante,mancante,Partito Democratico,367,professore,Sinistra/Centro Sinistra
http://www.wikidata.org/entity/Q3762931,Giancarlo Pagliarini,1942.0,maschio,Milano,POINT (9.19 45.466944),http://www.wikidata.org/entity/Q490,1941-1950,2.0,Lombardia,3.0,3.0,Nord,1977.0,1967-1986,297,politico,economista,mancante,Lega Nord,297,economista,Destra/Centro Destra
http://www.wikidata.org/entity/Q3069750,Ferruccio Fazio,1944.0,maschio,Garessio,POINT (8.016667 44.2),http://www.wikidata.org/entity/Q20090,1941-1950,0.0,Piemonte,1.0,1.0,Nord,1979.0,1967-1986,161,politico,radiologo,mancante,Il Popolo della Libertà,161,medico,Destra/Centro Destra
http://www.wikidata.org/entity/Q303466,Maurizio Sacconi,1950.0,maschio,Conegliano,POINT (12.296944 45.887222),http://www.wikidata.org/entity/Q47224,1941-1950,4.0,Veneto,5.0,5.0,Nord,1985.0,1967-1986,156,politico,mancante,mancante,Il Popolo della Libertà,156,mancante,Destra/Centro Destra
http://www.wikidata.org/entity/Q3839941,Luigi Nicolais,1942.0,maschio,Sant'Anastasia,POINT (14.4 40.866667),http://www.wikidata.org/entity/Q72585,1941-1950,14.0,Campania,15.0,15.0,Sud,1977.0,1967-1986,362,politico,ingegnere,insegnante,Partito Democratico,362,ingegnere,Sinistra/Centro Sinistra
http://www.wikidata.org/entity/Q3054632,,1942.0,maschio,La Spezia,POINT (9.828881 44.108044),http://www.wikidata.org/entity/Q8611,1941-1950,6.0,Liguria,7.0,7.0,Nord,1977.0,1967-1986,158,politico,magistrato,mancante,Partito Socialista Democratico Italiano,158,giudice,Sinistra/Centro Sinistra
http://www.wikidata.org/entity/Q3838943,Lucio Stanca,1941.0,maschio,Lucera,POINT (15.333333 41.5),http://www.wikidata.org/entity/Q51933,1941-1950,15.0,Puglia,16.0,16.0,Sud,1976.0,1967-1986,354,politico,economista,mancante,Forza Italia,354,economista,Destra/Centro Destra
http://www.wikidata.org/entity/Q2171762,Roberto Castelli,1946.0,maschio,Lecco,POINT (9.39048 45.85334),http://www.wikidata.org/entity/Q6237,1941-1950,2.0,Lombardia,3.0,3.0,Nord,1981.0,1967-1986,129,politico,ingegnere,mancante,Lega Nord,129,ingegnere,Destra/Centro Destra
http://www.wikidata.org/entity/Q385215,Fabio Mussi,1948.0,maschio,Piombino,POINT (10.52212 42.934824),http://www.wikidata.org/entity/Q157824,1941-1950,8.0,Toscana,9.0,9.0,Centro,1983.0,1967-1986,381,politico,mancante,mancante,Partito Comunista Italiano,381,mancante,Sinistra/Centro Sinistra
http://www.wikidata.org/entity/Q2054899,Corrado Clini,1947.0,maschio,Latina,POINT (12.903611 41.467222),http://www.wikidata.org/entity/Q13410,1941-1950,11.0,Lazio,12.0,12.0,Centro,1982.0,1967-1986,126,politico,medico,mancante,indipendente,126,medico,indipendente
http://www.wikidata.org/entity/Q3608237,Alberto Clò,1947.0,maschio,Bologna,POINT (11.342778 44.493889),http://www.wikidata.org/entity/Q1891,1941-1950,7.0,Emilia-Romagna,8.0,8.0,Nord,1982.0,1967-1986,194,politico,economista,personalità-del-mondo-degli-affari,indipendente,194,economista,indipendente
http://www.wikidata.org/entity/Q2036599,Giovanni Angelo Fontana,1944.0,maschio,Verona,POINT (10.992778 45.438611),http://www.wikidata.org/entity/Q2028,1941-1950,4.0,Veneto,5.0,5.0,Nord,1979.0,1967-1986,121,politico,mancante,mancante,Democrazia Cristiana,121,mancante,Centro
http://www.wikidata.org/entity/Q3725850,Enrico La Loggia,1947.0,maschio,Agrigento,POINT (13.57661 37.31065),http://www.wikidata.org/entity/Q13678,1941-1950,18.0,Sicilia,19.0,19.0,Sud,1982.0,1967-1986,259,politico,avvocato,mancante,Democrazia Cristiana,259,avvocato,Centro
http://www.wikidata.org/entity/Q3554631,Vannino Chiti,1947.0,maschio,Pistoia,POINT (10.916667 43.933333),http://www.wikidata.org/entity/Q13376,1941-1950,8.0,Toscana,9.0,9.0,Centro,1982.0,1967-1986,186,politico,mancante,mancante,Partito Democratico,186,mancante,Sinistra/Centro Sinistra
http://www.wikidata.org/entity/Q19357364,Carlo Nordio,1947.0,maschio,Treviso,POINT (12.242219 45.672219),http://www.wikidata.org/entity/Q5475,1941-1950,4.0,Veneto,5.0,5.0,Nord,1982.0,1967-1986,115,mancante,giudice,mancante,indipendente,115,giudice,indipendente
http://www.wikidata.org/entity/Q3619700,Antonio Guidi,1945.0,maschio,Roma,POINT (12.482778 41.893056),http://www.wikidata.org/entity/Q220,1941-1950,11.0,Lazio,12.0,12.0,Centro,1980.0,1967-1986,208,politico,mancante,mancante,Partito Socialista Italiano,208,mancante,Sinistra/Centro Sinistra
http://www.wikidata.org/entity/Q47556,Pier Luigi Bersani,1951.0,maschio,Bettola,POINT (9.60857 44.77826),http://www.wikidata.org/entity/Q102569,1951-1960,7.0,Emilia-Romagna,8.0,8.0,Nord,1986.0,1967-1986,467,politico,mancante,mancante,Partito Democratico,467,mancante,Sinistra/Centro Sinistra
http://www.wikidata.org/entity/Q105320865,Patrizio Bianchi,1952.0,maschio,Copparo,POINT (11.833333 44.9),http://www.wikidata.org/entity/Q95098,1951-1960,7.0,Emilia-Romagna,8.0,8.0,Nord,1987.0,1987-2006,3,mancante,professore-universitario,economista,indipendente,3,professore,indipendente
http://www.wikidata.org/entity/Q47583,Gianfranco Fini,1952.0,maschio,Bologna,POINT (11.342778 44.493889),http://www.wikidata.org/entity/Q1891,1951-1960,7.0,Emilia-Romagna,8.0,8.0,Nord,1987.0,1987-2006,469,politico,giornalista,diplomatico,Alleanza Nazionale,469,giornalista,Destra/Centro Destra
http://www.wikidata.org/entity/Q3617153,Angelo Piazza,1955.0,maschio,Bologna,POINT (11.342778 44.493889),http://www.wikidata.org/entity/Q1891,1951-1960,7.0,Emilia-Romagna,8.0,8.0,Nord,1990.0,1987-2006,205,politico,avvocato,professore-universitario,Rosa nel Pugno,205,avvocato,Sinistra/Centro Sinistra
http://www.wikidata.org/entity/Q105296748,Daniele Franco,1953.0,maschio,Trichiana,POINT (12.134445 46.074444),http://www.wikidata.org/entity/Q40468,1951-1960,4.0,Veneto,5.0,5.0,Nord,1988.0,1987-2006,2,mancante,economista,banchiere,indipendente,2,economista,indipendente
http://www.wikidata.org/entity/Q730966,Giancarlo Galan,1956.0,maschio,Padova,POINT (11.873333 45.407778),http://www.wikidata.org/entity/Q617,1951-1960,4.0,Veneto,5.0,5.0,Nord,1991.0,1987-2006,544,politico,mancante,mancante,Forza Italia,544,mancante,Destra/Centro Destra
http://www.wikidata.org/entity/Q546288,Claudio Burlando,1954.0,maschio,Genova,POINT (8.933983 44.407186),http://www.wikidata.org/entity/Q1449,1951-1960,6.0,Liguria,7.0,7.0,Nord,1989.0,1987-2006,499,politico,mancante,mancante,Partito Democratico,499,mancante,Sinistra/Centro Sinistra
http://www.wikidata.org/entity/Q3757091,Gaetano Quagliariello,1960.0,maschio,Napoli,POINT (14.248611 40.835833),http://www.wikidata.org/entity/Q2634,1951-1960,14.0,Campania,15.0,15.0,Sud,1995.0,1987-2006,285,politico,storico,mancante,Forza Italia,285,storico,Destra/Centro Destra
http://www.wikidata.org/entity/Q730921,Paolo De Castro,1958.0,maschio,San Pietro Vernotico,POINT (18.014344 40.511555),http://www.wikidata.org/entity/Q51877,1951-1960,15.0,Puglia,16.0,16.0,Sud,1993.0,1987-2006,543,politico,economista,mancante,Partito Democratico,543,economista,Sinistra/Centro Sinistra
http://www.wikidata.org/entity/Q3194123,Katia Bellillo,1951.0,femmina,Foligno,POINT (12.703281 42.955761),http://www.wikidata.org/entity/Q20436,1951-1960,9.0,Umbria,10.0,10.0,Centro,1986.0,1967-1986,170,politico,mancante,mancante,Partito Comunista Italiano,170,mancante,Sinistra/Centro Sinistra
http://www.wikidata.org/entity/Q3071910,Filippo Patroni Griffi,1955.0,maschio,Napoli,POINT (14.248611 40.835833),http://www.wikidata.org/entity/Q2634,1951-1960,14.0,Campania,15.0,15.0,Sud,1990.0,1987-2006,162,politico,magistrato,mancante,indipendente,162,giudice,indipendente
http://www.wikidata.org/entity/Q730910,Giuseppe Fioroni,1958.0,maschio,Viterbo,POINT (12.104167 42.418611),http://www.wikidata.org/entity/Q13395,1951-1960,11.0,Lazio,12.0,12.0,Centro,1993.0,1987-2006,542,politico,medico,chirurgo,Democrazia Cristiana,542,medico,Centro
http://www.wikidata.org/entity/Q954698,Sandro Bondi,1959.0,maschio,Fivizzano,POINT (10.116667 44.233333),http://www.wikidata.org/entity/Q52233,1951-1960,8.0,Toscana,9.0,9.0,Centro,1994.0,1987-2006,572,politico,giornalista,mancante,Partito Comunista Italiano,572,giornalista,Sinistra/Centro Sinistra
http://www.wikidata.org/entity/Q530825,Roberto Calderoli,1956.0,maschio,Bergamo,POINT (9.67 45.695),http://www.wikidata.org/entity/Q628,1951-1960,2.0,Lombardia,3.0,3.0,Nord,1991.0,1987-2006,487,politico,dentista,mancante,Lega Nord,487,medico,Destra/Centro Destra
http://www.wikidata.org/entity/Q1071031,Paolo Gentiloni,1954.0,maschio,Roma,POINT (12.482778 41.893056),http://www.wikidata.org/entity/Q220,1951-1960,11.0,Lazio,12.0,12.0,Centro,1989.0,1987-2006,11,politico,giornalista,mancante,Partito Democratico,11,giornalista,Sinistra/Centro Sinistra
http://www.wikidata.org/entity/Q535345,Francesco Rutelli,1954.0,maschio,Roma,POINT (12.482778 41.893056),http://www.wikidata.org/entity/Q220,1951-1960,11.0,Lazio,12.0,12.0,Centro,1989.0,1987-2006,489,politico,giornalista,mancante,Partito Democratico,489,giornalista,Sinistra/Centro Sinistra
http://www.wikidata.org/entity/Q597551,Giuliano Ferrara,1952.0,maschio,Roma,POINT (12.482778 41.893056),http://www.wikidata.org/entity/Q220,1951-1960,11.0,Lazio,12.0,12.0,Centro,1987.0,1987-2006,512,politico,giornalista,conduttore-televisivo,Partito Comunista Italiano,512,giornalista,Sinistra/Centro Sinistra
http://www.wikidata.org/entity/Q3764245,Gilberto Pichetto Fratin,1954.0,maschio,Veglio,POINT (8.11412 45.640565),http://www.wikidata.org/entity/Q18187,1951-1960,0.0,Piemonte,1.0,1.0,Nord,1989.0,1987-2006,304,politico,mancante,mancante,Forza Italia,304,mancante,Destra/Centro Destra
http://www.wikidata.org/entity/Q1075557,Andrea Ronchi,1955.0,maschio,Perugia,POINT (12.388549 43.111918),http://www.wikidata.org/entity/Q3437,1951-1960,9.0,Umbria,10.0,10.0,Centro,1990.0,1987-2006,15,politico,giornalista,mancante,Alleanza Nazionale,15,giornalista,Destra/Centro Destra
http://www.wikidata.org/entity/Q54565819,Sergio Costa,1959.0,maschio,Napoli,POINT (14.248611 40.835833),http://www.wikidata.org/entity/Q2634,1951-1960,14.0,Campania,15.0,15.0,Sud,1994.0,1987-2006,496,politico,agente-di-polizia,mancante,indipendente,496,ufficiale,indipendente
http://www.wikidata.org/entity/Q466836,Rosy Bindi,1951.0,femmina,Sinalunga,POINT (11.733333 43.216667),http://www.wikidata.org/entity/Q91464,1951-1960,8.0,Toscana,9.0,9.0,Centro,1986.0,1967-1986,464,politico,mancante,mancante,Democrazia Cristiana,464,mancante,Centro
http://www.wikidata.org/entity/Q1079940,Elio Vito,1960.0,maschio,Napoli,POINT (14.248611 40.835833),http://www.wikidata.org/entity/Q2634,1951-1960,14.0,Campania,15.0,15.0,Sud,1995.0,1987-2006,16,politico,mancante,mancante,Forza Italia,16,mancante,Destra/Centro Destra
http://www.wikidata.org/entity/Q687662,Stefano Caldoro,1960.0,maschio,Campobasso,POINT (14.6684 41.561),http://www.wikidata.org/entity/Q3497,1951-1960,13.0,Molise,14.0,14.0,Sud,1995.0,1987-2006,536,politico,ministro,mancante,Il Popolo della Libertà,536,ministro,Destra/Centro Destra
http://www.wikidata.org/entity/Q333833,Franco Frattini,1957.0,maschio,Roma,POINT (12.482778 41.893056),http://www.wikidata.org/entity/Q220,1951-1960,11.0,Lazio,12.0,12.0,Centro,1992.0,1987-2006,178,politico,giurista,diplomatico,Partito Socialista Italiano,178,giurista,Sinistra/Centro Sinistra
http://www.wikidata.org/entity/Q319547,Walter Veltroni,1955.0,maschio,Roma,POINT (12.482778 41.893056),http://www.wikidata.org/entity/Q220,1951-1960,11.0,Lazio,12.0,12.0,Centro,1990.0,1987-2006,171,politico,giornalista,scrittore,Partito Democratico,171,giornalista,Sinistra/Centro Sinistra
http://www.wikidata.org/entity/Q1135246,Corrado Passera,1954.0,maschio,Como,POINT (9.086139 45.81025),http://www.wikidata.org/entity/Q1308,1951-1960,2.0,Lombardia,3.0,3.0,Nord,1989.0,1987-2006,22,politico,economista,banchiere,indipendente,22,economista,indipendente
http://www.wikidata.org/entity/Q3557346,Marco Minniti,1956.0,maschio,Reggio Calabria,POINT (15.65 38.114439),http://www.wikidata.org/entity/Q8471,1951-1960,17.0,Calabria,18.0,18.0,Sud,1991.0,1987-2006,187,politico,mancante,mancante,Partito Democratico,187,mancante,Sinistra/Centro Sinistra
http://www.wikidata.org/entity/Q616525,Gianfranco Miccichè,1954.0,maschio,Palermo,POINT (13.361262 38.115658),http://www.wikidata.org/entity/Q2656,1951-1960,18.0,Sicilia,19.0,19.0,Sud,1989.0,1987-2006,519,politico,personalità-del-mondo-degli-affari,mancante,Forza Italia,519,imprenditore,Destra/Centro Destra
http://www.wikidata.org/entity/Q1880844,Mario Catania,1952.0,maschio,Roma,POINT (12.482778 41.893056),http://www.wikidata.org/entity/Q220,1951-1960,11.0,Lazio,12.0,12.0,Centro,1987.0,1987-2006,113,politico,mancante,mancante,Unione di Centro (2002),113,mancante,Centro
http://www.wikidata.org/entity/Q12112673,Massimo Bray,1959.0,maschio,Lecce,POINT (18.169139 40.352011),http://www.wikidata.org/entity/Q13386,1951-1960,15.0,Puglia,16.0,16.0,Sud,1994.0,1987-2006,28,politico,storico,editore,Partito Democratico,28,storico,Sinistra/Centro Sinistra
http://www.wikidata.org/entity/Q3972296,Stefania Giannini,1960.0,femmina,Lucca,POINT (10.516667 43.85),http://www.wikidata.org/entity/Q13373,1951-1960,8.0,Toscana,9.0,9.0,Centro,1995.0,1987-2006,429,politico,professore-universitario,linguista,Scelta Civica,429,professore,Centro
http://www.wikidata.org/entity/Q562097,Roberto Maroni,1955.0,maschio,Varese,POINT (8.833333 45.816667),http://www.wikidata.org/entity/Q6285,1951-1960,2.0,Lombardia,3.0,3.0,Nord,1990.0,1987-2006,505,politico,avvocato,mancante,Lega Nord,505,avvocato,Destra/Centro Destra
http://www.wikidata.org/entity/Q14633628,Andrea Abodi,1960.0,maschio,Roma,POINT (12.482778 41.893056),http://www.wikidata.org/entity/Q220,1951-1960,11.0,Lazio,12.0,12.0,Centro,1995.0,1987-2006,69,politico,dirigente-d'azienda,mancante,indipendente,69,imprenditore,indipendente
http://www.wikidata.org/entity/Q927468,Francesco Profumo,1953.0,maschio,Savona,POINT (8.481111 44.308056),http://www.wikidata.org/entity/Q13320,1951-1960,6.0,Liguria,7.0,7.0,Nord,1988.0,1987-2006,563,politico,professore-universitario,ingegnere,indipendente,563,professore,indipendente
http://www.wikidata.org/entity/Q3725799,Enrico Giovannini,1957.0,maschio,Roma,POINT (12.482778 41.893056),http://www.wikidata.org/entity/Q220,1951-1960,11.0,Lazio,12.0,12.0,Centro,1992.0,1987-2006,258,politico,professore-universitario,economista,indipendente,258,professore,indipendente
http://www.wikidata.org/entity/Q2054692,Fabrizio Barca,1954.0,maschio,Torino,POINT (7.676111 45.079167),http://www.wikidata.org/entity/Q495,1951-1960,0.0,Piemonte,1.0,1.0,Nord,1989.0,1987-2006,124,politico,economista,mancante,Partito Democratico,124,economista,Sinistra/Centro Sinistra
http://www.wikidata.org/entity/Q67129448,Luciana Lamorgese,1953.0,femmina,Potenza,POINT (15.8 40.633333),http://www.wikidata.org/entity/Q3543,1951-1960,16.0,Basilicata,17.0,17.0,Sud,1988.0,1987-2006,530,politico,avvocato,giurista,indipendente,530,avvocato,indipendente
http://www.wikidata.org/entity/Q12109526,Carlo Trigilia,1951.0,maschio,Siracusa,POINT (15.2875 37.069167),http://www.wikidata.org/entity/Q13670,1951-1960,18.0,Sicilia,19.0,19.0,Sud,1986.0,1967-1986,27,politico,economista,sociologo,Partito Democratico,27,economista,Sinistra/Centro Sinistra
http://www.wikidata.org/entity/Q2053904,Gianfranco Rotondi,1960.0,maschio,Avellino,POINT (14.789722 40.915278),http://www.wikidata.org/entity/Q13433,1951-1960,14.0,Campania,15.0,15.0,Sud,1995.0,1987-2006,123,politico,giornalista,mancante,Democrazia Cristiana,123,giornalista,Centro
http://www.wikidata.org/entity/Q15769397,Maria Carmela Lanzetta,1955.0,femmina,Mammola,POINT (16.233333 38.366667),http://www.wikidata.org/entity/Q54620,1951-1960,17.0,Calabria,18.0,18.0,Sud,1990.0,1987-2006,86,politico,mancante,mancante,Partito Democratico,86,mancante,Sinistra/Centro Sinistra
http://www.wikidata.org/entity/Q15769592,Giuliano Poletti,1951.0,maschio,Imola,POINT (11.714722 44.353056),http://www.wikidata.org/entity/Q50195,1951-1960,7.0,Emilia-Romagna,8.0,8.0,Nord,1986.0,1967-1986,87,politico,mancante,mancante,Partito Comunista Italiano,87,mancante,Sinistra/Centro Sinistra
http://www.wikidata.org/entity/Q2050381,Paolo Ferrero,1960.0,maschio,Pomaretto,POINT (7.182779 44.955983),http://www.wikidata.org/entity/Q10197,1951-1960,0.0,Piemonte,1.0,1.0,Nord,1995.0,1987-2006,122,politico,ministro,mancante,Partito della Rifondazione Comunista,122,ministro,Sinistra/Centro Sinistra
http://www.wikidata.org/entity/Q783995,Anna Finocchiaro,1955.0,femmina,Modica,POINT (14.761389 36.867222),http://www.wikidata.org/entity/Q34102,1951-1960,18.0,Sicilia,19.0,19.0,Sud,1990.0,1987-2006,554,politico,giudice,magistrato,Partito Democratico,554,giudice,Sinistra/Centro Sinistra
http://www.wikidata.org/entity/Q1657794,Enzo Moavero Milanesi,1954.0,maschio,Roma,POINT (12.482778 41.893056),http://www.wikidata.org/entity/Q220,1951-1960,11.0,Lazio,12.0,12.0,Centro,1989.0,1987-2006,97,politico,avvocato,professore-universitario,Scelta Civica,97,avvocato,Centro
http://www.wikidata.org/entity/Q739002,Oliviero Diliberto,1956.0,maschio,Cagliari,POINT (9.116667 39.216667),http://www.wikidata.org/entity/Q1897,1951-1960,19.0,Sardegna,20.0,20.0,Sud,1991.0,1987-2006,549,politico,professore-universitario,giurista,Partito Comunista Italiano,549,professore,Sinistra/Centro Sinistra
http://www.wikidata.org/entity/Q739662,Alfonso Pecoraro Scanio,1959.0,maschio,Salerno,POINT (14.759444 40.680556),http://www.wikidata.org/entity/Q1083,1951-1960,14.0,Campania,15.0,15.0,Sud,1994.0,1987-2006,550,politico,professore-universitario,mancante,Federazione dei Verdi,550,professore,Sinistra/Centro Sinistra
http://www.wikidata.org/entity/Q388442,Dario Franceschini,1958.0,maschio,Ferrara,POINT (11.6175 44.839167),http://www.wikidata.org/entity/Q13362,1951-1960,7.0,Emilia-Romagna,8.0,8.0,Nord,1993.0,1987-2006,394,politico,avvocato,scrittore,Partito Democratico,394,avvocato,Sinistra/Centro Sinistra
http://www.wikidata.org/entity/Q3984267,Teresa Bellanova,1958.0,femmina,Ceglie Messapica,POINT (17.516667 40.65),http://www.wikidata.org/entity/Q51861,1951-1960,15.0,Puglia,16.0,16.0,Sud,1993.0,1987-2006,431,politico,mancante,mancante,Italia Viva,431,mancante,Centro
http://www.wikidata.org/entity/Q3852636,Maurizio Lupi,1959.0,maschio,Milano,POINT (9.19 45.466944),http://www.wikidata.org/entity/Q490,1951-1960,2.0,Lombardia,3.0,3.0,Nord,1994.0,1987-2006,382,politico,mancante,mancante,Democrazia Cristiana,382,mancante,Centro
http://www.wikidata.org/entity/Q463130,Gianni Alemanno,1958.0,maschio,Bari,POINT (16.866667 41.125278),http://www.wikidata.org/entity/Q3519,1951-1960,15.0,Puglia,16.0,16.0,Sud,1993.0,1987-2006,460,politico,giornalista,ingegnere,Il Popolo della Libertà,460,giornalista,Destra/Centro Destra
http://www.wikidata.org/entity/Q3059585,Eugenia Maria Roccella,1953.0,femmina,Bologna,POINT (11.342778 44.493889),http://www.wikidata.org/entity/Q1891,1951-1960,7.0,Emilia-Romagna,8.0,8.0,Nord,1988.0,1987-2006,160,politico,giornalista,mancante,Fratelli d'Italia,160,giornalista,Destra/Centro Destra
http://www.wikidata.org/entity/Q451035,Domenico Siniscalco,1954.0,maschio,Torino,POINT (7.676111 45.079167),http://www.wikidata.org/entity/Q495,1951-1960,0.0,Piemonte,1.0,1.0,Nord,1989.0,1987-2006,455,politico,economista,mancante,indipendente,455,economista,indipendente
http://www.wikidata.org/entity/Q446016,Livia Turco,1955.0,femmina,Morozzo,POINT (7.683807 44.42898),http://www.wikidata.org/entity/Q20238,1951-1960,0.0,Piemonte,1.0,1.0,Nord,1990.0,1987-2006,452,politico,mancante,mancante,Partito Democratico,452,mancante,Sinistra/Centro Sinistra
http://www.wikidata.org/entity/Q3712976,Domenico Comino,1955.0,maschio,Morozzo,POINT (7.683807 44.42898),http://www.wikidata.org/entity/Q20238,1951-1960,0.0,Piemonte,1.0,1.0,Nord,1990.0,1987-2006,247,politico,mancante,mancante,Lega Nord,247,mancante,Destra/Centro Destra
http://www.wikidata.org/entity/Q440710,Antonio Tajani,1953.0,maschio,Roma,POINT (12.482778 41.893056),http://www.wikidata.org/entity/Q220,1951-1960,11.0,Lazio,12.0,12.0,Centro,1988.0,1987-2006,450,politico,giornalista,giurista,Forza Italia,450,giornalista,Destra/Centro Destra
http://www.wikidata.org/entity/Q431345,Maurizio Gasparri,1956.0,maschio,Roma,POINT (12.482778 41.893056),http://www.wikidata.org/entity/Q220,1951-1960,11.0,Lazio,12.0,12.0,Centro,1991.0,1987-2006,447,politico,giornalista,mancante,Forza Italia,447,giornalista,Destra/Centro Destra
http://www.wikidata.org/entity/Q3776019,Graziano Delrio,1960.0,maschio,Reggio Emilia,POINT (10.633333 44.7),http://www.wikidata.org/entity/Q13360,1951-1960,7.0,Emilia-Romagna,8.0,8.0,Nord,1995.0,1987-2006,336,politico,medico,mancante,Democrazia Cristiana,336,medico,Centro
http://www.wikidata.org/entity/Q942871,Renato Balduzzi,1955.0,maschio,Voghera,POINT (9.009167 44.9925),http://www.wikidata.org/entity/Q39981,1951-1960,2.0,Lombardia,3.0,3.0,Nord,1990.0,1987-2006,569,politico,professore-universitario,giurista,Scelta Civica,569,professore,Centro
http://www.wikidata.org/entity/Q1341209,Vittorio Grilli,1957.0,maschio,Milano,POINT (9.19 45.466944),http://www.wikidata.org/entity/Q490,1951-1960,2.0,Lombardia,3.0,3.0,Nord,1992.0,1987-2006,47,politico,professore-universitario,economista,indipendente,47,professore,indipendente
http://www.wikidata.org/entity/Q731150,Francesco Storace,1959.0,maschio,Cassino,POINT (13.833333 41.491667),http://www.wikidata.org/entity/Q116592,1951-1960,11.0,Lazio,12.0,12.0,Centro,1994.0,1987-2006,545,politico,giornalista,mancante,Alleanza Nazionale,545,giornalista,Destra/Centro Destra
http://www.wikidata.org/entity/Q1346089,Enzo Bianco,1951.0,maschio,Aidone,POINT (14.45 37.416667),http://www.wikidata.org/entity/Q56196,1951-1960,18.0,Sicilia,19.0,19.0,Sud,1986.0,1967-1986,49,politico,avvocato,mancante,Partito Democratico,49,avvocato,Sinistra/Centro Sinistra
http://www.wikidata.org/entity/Q2824733,Adolfo Urso,1957.0,maschio,Padova,POINT (11.873333 45.407778),http://www.wikidata.org/entity/Q617,1951-1960,4.0,Veneto,5.0,5.0,Nord,1992.0,1987-2006,145,politico,mancante,mancante,Alleanza Nazionale,145,mancante,Destra/Centro Destra
http://www.wikidata.org/entity/Q431003,Mario Baccini,1957.0,maschio,Roma,POINT (12.482778 41.893056),http://www.wikidata.org/entity/Q220,1951-1960,11.0,Lazio,12.0,12.0,Centro,1992.0,1987-2006,446,politico,mancante,mancante,Democrazia Cristiana,446,mancante,Centro
http://www.wikidata.org/entity/Q948169,Roberto Gualtieri,1966.0,maschio,Roma,POINT (12.482778 41.893056),http://www.wikidata.org/entity/Q220,1961-1970,11.0,Lazio,12.0,12.0,Centro,2001.0,1987-2006,571,politico,professore-universitario,storico,Partito Democratico,571,professore,Sinistra/Centro Sinistra
http://www.wikidata.org/entity/Q61014728,Paolo Zangrillo,1961.0,maschio,Genova,POINT (8.933983 44.407186),http://www.wikidata.org/entity/Q1449,1961-1970,6.0,Liguria,7.0,7.0,Nord,1996.0,1987-2006,518,politico,dirigente-d'azienda,mancante,Forza Italia,518,imprenditore,Destra/Centro Destra
http://www.wikidata.org/entity/Q57615236,Orazio Schillaci,1966.0,maschio,Roma,POINT (12.482778 41.893056),http://www.wikidata.org/entity/Q220,1961-1970,11.0,Lazio,12.0,12.0,Centro,2001.0,1987-2006,509,mancante,professore-universitario,medico,indipendente,509,professore,indipendente
http://www.wikidata.org/entity/Q659163,Giancarlo Giorgetti,1966.0,maschio,Cazzago Brabbia,POINT (8.733333 45.8),http://www.wikidata.org/entity/Q40195,1961-1970,2.0,Lombardia,3.0,3.0,Nord,2001.0,1987-2006,525,politico,mancante,mancante,Lega Nord,525,mancante,Destra/Centro Destra
http://www.wikidata.org/entity/Q649382,Giulia Bongiorno,1966.0,femmina,Palermo,POINT (13.361262 38.115658),http://www.wikidata.org/entity/Q2656,1961-1970,18.0,Sicilia,19.0,19.0,Sud,2001.0,1987-2006,524,politico,avvocato,mancante,Lega Nord,524,avvocato,Destra/Centro Destra
http://www.wikidata.org/entity/Q674957,Enrico Letta,1966.0,maschio,Pisa,POINT (10.4 43.716667),http://www.wikidata.org/entity/Q13375,1961-1970,8.0,Toscana,9.0,9.0,Centro,2001.0,1987-2006,532,politico,accademico,saggista,Partito Democratico,532,accademico,Sinistra/Centro Sinistra
http://www.wikidata.org/entity/Q104599786,Maria Cristina Messa,1961.0,femmina,Monza,POINT (9.273611 45.583611),http://www.wikidata.org/entity/Q6252,1961-1970,2.0,Lombardia,3.0,3.0,Nord,1996.0,1987-2006,1,politico,professore-universitario,medico,indipendente,1,professore,indipendente
http://www.wikidata.org/entity/Q981692,Vittorio Colao,1961.0,maschio,Brescia,POINT (10.220281 45.538889),http://www.wikidata.org/entity/Q6221,1961-1970,2.0,Lombardia,3.0,3.0,Nord,1996.0,1987-2006,576,mancante,personalità-del-mondo-degli-affari,imprenditore,indipendente,576,imprenditore,indipendente
http://www.wikidata.org/entity/Q181794,Daniela Santanchè,1961.0,femmina,Cuneo,POINT (7.55 44.383333),http://www.wikidata.org/entity/Q5968,1961-1970,0.0,Piemonte,1.0,1.0,Nord,1996.0,1987-2006,106,politico,mancante,mancante,Fratelli d'Italia,106,mancante,Destra/Centro Destra
http://www.wikidata.org/entity/Q3851266,Massimo Garavaglia,1968.0,maschio,Cuggiono,POINT (8.816667 45.5),http://www.wikidata.org/entity/Q42975,1961-1970,2.0,Lombardia,3.0,3.0,Nord,2003.0,1987-2006,379,politico,mancante,mancante,Lega Nord,379,mancante,Destra/Centro Destra
http://www.wikidata.org/entity/Q3836978,Lorenzo Guerini,1966.0,maschio,Lodi,POINT (9.5 45.316667),http://www.wikidata.org/entity/Q6244,1961-1970,2.0,Lombardia,3.0,3.0,Nord,2001.0,1987-2006,349,politico,mancante,mancante,Democrazia Cristiana,349,mancante,Centro
http://www.wikidata.org/entity/Q3771578,Giuseppe Valditara,1961.0,maschio,Milano,POINT (9.19 45.466944),http://www.wikidata.org/entity/Q490,1961-1970,2.0,Lombardia,3.0,3.0,Nord,1996.0,1987-2006,334,politico,giurista,mancante,Alleanza Nazionale,334,giurista,Destra/Centro Destra
http://www.wikidata.org/entity/Q3763740,Gianpiero D'Alia,1966.0,maschio,Messina,POINT (15.554167 38.193611),http://www.wikidata.org/entity/Q13666,1961-1970,18.0,Sicilia,19.0,19.0,Sud,2001.0,1987-2006,302,politico,mancante,mancante,Unione di Centro (2002),302,mancante,Centro
http://www.wikidata.org/entity/Q3762681,Gian Luca Galletti,1961.0,maschio,Bologna,POINT (11.342778 44.493889),http://www.wikidata.org/entity/Q1891,1961-1970,7.0,Emilia-Romagna,8.0,8.0,Nord,1996.0,1987-2006,295,politico,mancante,mancante,Democrazia Cristiana,295,mancante,Centro
http://www.wikidata.org/entity/Q3759845,Gennaro Sangiuliano,1962.0,maschio,Napoli,POINT (14.248611 40.835833),http://www.wikidata.org/entity/Q2634,1961-1970,14.0,Campania,15.0,15.0,Sud,1997.0,1987-2006,288,politico,giornalista,scrittore,indipendente,288,giornalista,indipendente
http://www.wikidata.org/entity/Q3741555,Federica Guidi,1969.0,femmina,Modena,POINT (10.92572 44.64582),http://www.wikidata.org/entity/Q279,1961-1970,7.0,Emilia-Romagna,8.0,8.0,Nord,2004.0,1987-2006,266,politico,personalità-del-mondo-degli-affari,imprenditore,indipendente,266,imprenditore,indipendente
http://www.wikidata.org/entity/Q3725703,Enrico Costa,1969.0,maschio,Cuneo,POINT (7.55 44.383333),http://www.wikidata.org/entity/Q5968,1961-1970,0.0,Piemonte,1.0,1.0,Nord,2004.0,1987-2006,257,politico,avvocato,mancante,Alternativa Popolare,257,avvocato,Destra/Centro Destra
http://www.wikidata.org/entity/Q3615909,Andrea Orlando,1969.0,maschio,La Spezia,POINT (9.828881 44.108044),http://www.wikidata.org/entity/Q8611,1961-1970,6.0,Liguria,7.0,7.0,Nord,2004.0,1987-2006,203,politico,mancante,mancante,Partito Democratico,203,mancante,Sinistra/Centro Sinistra
http://www.wikidata.org/entity/Q3119423,Guido Crosetto,1963.0,maschio,Cuneo,POINT (7.55 44.383333),http://www.wikidata.org/entity/Q5968,1961-1970,0.0,Piemonte,1.0,1.0,Nord,1998.0,1987-2006,164,politico,mancante,mancante,Fratelli d'Italia,164,mancante,Destra/Centro Destra
http://www.wikidata.org/entity/Q3081082,Francesco Saverio Romano,1964.0,maschio,Palermo,POINT (13.361262 38.115658),http://www.wikidata.org/entity/Q2656,1961-1970,18.0,Sicilia,19.0,19.0,Sud,1999.0,1987-2006,163,politico,mancante,mancante,Democrazia Cristiana,163,mancante,Centro
http://www.wikidata.org/entity/Q2850556,Anna Maria Bernini,1965.0,femmina,Bologna,POINT (11.342778 44.493889),http://www.wikidata.org/entity/Q1891,1961-1970,7.0,Emilia-Romagna,8.0,8.0,Nord,2000.0,1987-2006,148,politico,mancante,mancante,Forza Italia,148,mancante,Destra/Centro Destra
http://www.wikidata.org/entity/Q24807484,Mario Mauro,1961.0,maschio,San Giovanni Rotondo,POINT (15.733333 41.7),http://www.wikidata.org/entity/Q51951,1961-1970,15.0,Puglia,16.0,16.0,Sud,1996.0,1987-2006,136,politico,mancante,mancante,Forza Italia,136,mancante,Destra/Centro Destra
http://www.wikidata.org/entity/Q1412573,Marta Cartabia,1963.0,femmina,San Giorgio su Legnano,POINT (8.909716 45.56926),http://www.wikidata.org/entity/Q43039,1961-1970,2.0,Lombardia,3.0,3.0,Nord,1998.0,1987-2006,63,mancante,professore-universitario,giurista,indipendente,63,professore,indipendente
http://www.wikidata.org/entity/Q3938535,Roberta Pinotti,1961.0,femmina,Genova,POINT (8.933983 44.407186),http://www.wikidata.org/entity/Q1449,1961-1970,6.0,Liguria,7.0,7.0,Nord,1996.0,1987-2006,411,politico,mancante,mancante,Partito Democratico,411,mancante,Sinistra/Centro Sinistra
http://www.wikidata.org/entity/Q15279838,Nunzia Catalfo,1967.0,femmina,Catania,POINT (15.087269 37.502669),http://www.wikidata.org/entity/Q1903,1961-1970,18.0,Sicilia,19.0,19.0,Sud,2002.0,1987-2006,77,politico,mancante,mancante,Movimento 5 Stelle,77,mancante,Centro
http://www.wikidata.org/entity/Q12132390,Maria Chiara Carrozza,1965.0,femmina,Pisa,POINT (10.4 43.716667),http://www.wikidata.org/entity/Q13375,1961-1970,8.0,Toscana,9.0,9.0,Centro,2000.0,1987-2006,29,politico,professore-universitario,ingegnere,Partito Democratico,29,professore,Sinistra/Centro Sinistra
http://www.wikidata.org/entity/Q54560201,Marco Bussetti,1962.0,maschio,Varese,POINT (8.833333 45.816667),http://www.wikidata.org/entity/Q6285,1961-1970,2.0,Lombardia,3.0,3.0,Nord,1997.0,1987-2006,495,politico,insegnante,allenatore-di-pallacanestro,Lega Nord,495,professore,Destra/Centro Destra
http://www.wikidata.org/entity/Q535055,Angelino Alfano,1970.0,maschio,Agrigento,POINT (13.57661 37.31065),http://www.wikidata.org/entity/Q13678,1961-1970,18.0,Sicilia,19.0,19.0,Sud,2005.0,1987-2006,488,politico,avvocato,mancante,Nuovo Centrodestra,488,avvocato,Destra/Centro Destra
http://www.wikidata.org/entity/Q114796202,Marina Elvira Calderone,1965.0,femmina,Bonorva,POINT (8.766667 40.416667),http://www.wikidata.org/entity/Q390280,1961-1970,19.0,Sardegna,20.0,20.0,Sud,2000.0,1987-2006,23,mancante,giurista,mancante,indipendente,23,giurista,indipendente
http://www.wikidata.org/entity/Q52420316,Luca Ciriani,1967.0,maschio,Pordenone,POINT (12.6563 45.9626),http://www.wikidata.org/entity/Q6606,1961-1970,5.0,Friuli-Venezia Giulia,6.0,6.0,Nord,2002.0,1987-2006,485,politico,mancante,mancante,Fratelli d'Italia,485,mancante,Destra/Centro Destra
http://www.wikidata.org/entity/Q114796723,Matteo Piantedosi,1963.0,maschio,Napoli,POINT (14.248611 40.835833),http://www.wikidata.org/entity/Q2634,1961-1970,14.0,Campania,15.0,15.0,Sud,1998.0,1987-2006,24,politico,prefetto,mancante,indipendente,24,accademico,indipendente
http://www.wikidata.org/entity/Q508338,Luca Zaia,1968.0,maschio,Conegliano,POINT (12.296944 45.887222),http://www.wikidata.org/entity/Q47224,1961-1970,4.0,Veneto,5.0,5.0,Nord,2003.0,1987-2006,478,politico,mancante,mancante,Lega Nord,478,mancante,Destra/Centro Destra
http://www.wikidata.org/entity/Q53844829,Giuseppe Conte,1964.0,maschio,Volturara Appula,POINT (15.05 41.5),http://www.wikidata.org/entity/Q51968,1961-1970,15.0,Puglia,16.0,16.0,Sud,1999.0,1987-2006,490,politico,avvocato,professore-universitario,indipendente,490,avvocato,indipendente
http://www.wikidata.org/entity/Q1060314,Raffaele Fitto,1969.0,maschio,Maglie,POINT (18.3 40.116667),http://www.wikidata.org/entity/Q52153,1961-1970,15.0,Puglia,16.0,16.0,Sud,2004.0,1987-2006,10,politico,mancante,mancante,Democrazia Cristiana,10,mancante,Centro
http://www.wikidata.org/entity/Q466489,Stefania Prestigiacomo,1966.0,femmina,Siracusa,POINT (15.2875 37.069167),http://www.wikidata.org/entity/Q13670,1961-1970,18.0,Sicilia,19.0,19.0,Sud,2001.0,1987-2006,462,politico,personalità-del-mondo-degli-affari,mancante,Forza Italia,462,imprenditore,Destra/Centro Destra
http://www.wikidata.org/entity/Q54589931,Alberto Bonisoli,1961.0,maschio,Castel d'Ario,POINT (10.975556 45.188889),http://www.wikidata.org/entity/Q42338,1961-1970,2.0,Lombardia,3.0,3.0,Nord,1996.0,1987-2006,498,politico,mancante,mancante,Movimento 5 Stelle,498,mancante,Centro
http://www.wikidata.org/entity/Q459670,Michela Vittoria Brambilla,1967.0,femmina,Lecco,POINT (9.39048 45.85334),http://www.wikidata.org/entity/Q6237,1961-1970,2.0,Lombardia,3.0,3.0,Nord,2002.0,1987-2006,459,politico,personalità-del-mondo-degli-affari,conduttore-televisivo,Il Popolo della Libertà,459,imprenditore,Destra/Centro Destra
http://www.wikidata.org/entity/Q45359418,Gaetano Manfredi,1964.0,maschio,Ottaviano,POINT (14.4775 40.85),http://www.wikidata.org/entity/Q72293,1961-1970,14.0,Campania,15.0,15.0,Sud,1999.0,1987-2006,458,mancante,professore-universitario,ingegnere,indipendente,458,professore,indipendente
http://www.wikidata.org/entity/Q54578231,Elisabetta Trenta,1967.0,femmina,Velletri,POINT (12.783333 41.666667),http://www.wikidata.org/entity/Q189236,1961-1970,11.0,Lazio,12.0,12.0,Centro,2002.0,1987-2006,497,politico,mancante,mancante,Movimento 5 Stelle,497,mancante,Centro
http://www.wikidata.org/entity/Q16039249,Barbara Lezzi,1972.0,femmina,Lecce,POINT (18.169139 40.352011),http://www.wikidata.org/entity/Q13386,1971-1980,15.0,Puglia,16.0,16.0,Sud,2007.0,2007-2026,92,politico,mancante,mancante,Movimento 5 Stelle,92,mancante,Centro
http://www.wikidata.org/entity/Q1055449,Matteo Salvini,1973.0,maschio,Milano,POINT (9.19 45.466944),http://www.wikidata.org/entity/Q490,1971-1980,2.0,Lombardia,3.0,3.0,Nord,2008.0,2007-2026,6,politico,mancante,mancante,Lega Nord,6,mancante,Destra/Centro Destra
http://www.wikidata.org/entity/Q16039372,Erika Stefani,1971.0,femmina,Valdagno,POINT (11.3 45.65),http://www.wikidata.org/entity/Q47251,1971-1980,4.0,Veneto,5.0,5.0,Nord,2006.0,1987-2006,93,politico,avvocato,giurista,Lega Nord,93,avvocato,Destra/Centro Destra
http://www.wikidata.org/entity/Q13371788,Maurizio Martina,1978.0,maschio,Calcinate,POINT (9.8003 45.6212),http://www.wikidata.org/entity/Q100123,1971-1980,2.0,Lombardia,3.0,3.0,Nord,2013.0,2007-2026,46,politico,mancante,mancante,Partito Democratico,46,mancante,Sinistra/Centro Sinistra
http://www.wikidata.org/entity/Q15936378,Federico D’Incà,1976.0,maschio,Belluno,POINT (12.215561 46.140831),http://www.wikidata.org/entity/Q6558,1971-1980,4.0,Veneto,5.0,5.0,Nord,2011.0,2007-2026,89,politico,mancante,mancante,Movimento 5 Stelle,89,mancante,Centro
http://www.wikidata.org/entity/Q12467437,Carlo Calenda,1973.0,maschio,Roma,POINT (12.482778 41.893056),http://www.wikidata.org/entity/Q220,1971-1980,11.0,Lazio,12.0,12.0,Centro,2008.0,2007-2026,42,politico,diplomatico,business-manager,indipendente,42,diplomatico,indipendente
http://www.wikidata.org/entity/Q8220404,Roberto Speranza,1979.0,maschio,Potenza,POINT (15.8 40.633333),http://www.wikidata.org/entity/Q3543,1971-1980,16.0,Basilicata,17.0,17.0,Sud,2014.0,2007-2026,558,politico,mancante,mancante,Partito Democratico,558,mancante,Sinistra/Centro Sinistra
http://www.wikidata.org/entity/Q15896991,Gian Marco Centinaio,1971.0,maschio,Pavia,POINT (9.155 45.185281),http://www.wikidata.org/entity/Q6259,1971-1980,2.0,Lombardia,3.0,3.0,Nord,2006.0,1987-2006,88,politico,mancante,mancante,Lega Nord,88,mancante,Destra/Centro Destra
http://www.wikidata.org/entity/Q15711019,Vincenzo Amendola,1973.0,maschio,Napoli,POINT (14.248611 40.835833),http://www.wikidata.org/entity/Q2634,1971-1980,14.0,Campania,15.0,15.0,Sud,2008.0,2007-2026,83,politico,mancante,mancante,Partito Democratico,83,mancante,Sinistra/Centro Sinistra
http://www.wikidata.org/entity/Q93223971,Alessandro Giuli,1975.0,maschio,Roma,POINT (12.482778 41.893056),http://www.wikidata.org/entity/Q220,1971-1980,11.0,Lazio,12.0,12.0,Centro,2010.0,2007-2026,566,mancante,giornalista,personaggio-televisivo,indipendente,566,giornalista,indipendente
http://www.wikidata.org/entity/Q15972657,Danilo Toninelli,1974.0,maschio,Soresina,POINT (9.856965 45.286473),http://www.wikidata.org/entity/Q42929,1971-1980,2.0,Lombardia,3.0,3.0,Nord,2009.0,2007-2026,91,politico,avvocato,mancante,Movimento 5 Stelle,91,avvocato,Centro
http://www.wikidata.org/entity/Q3637263,Beatrice Lorenzin,1971.0,femmina,Roma,POINT (12.482778 41.893056),http://www.wikidata.org/entity/Q220,1971-1980,11.0,Lazio,12.0,12.0,Centro,2006.0,1987-2006,217,politico,mancante,mancante,Alternativa Popolare,217,mancante,Destra/Centro Destra
http://www.wikidata.org/entity/Q19666125,Lorenzo Fioramonti,1977.0,maschio,Roma,POINT (12.482778 41.893056),http://www.wikidata.org/entity/Q220,1971-1980,11.0,Lazio,12.0,12.0,Centro,2012.0,2007-2026,117,politico,professore-universitario,economista,Movimento 5 Stelle,117,professore,Centro
http://www.wikidata.org/entity/Q451791,Giorgia Meloni,1977.0,femmina,Roma,POINT (12.482778 41.893056),http://www.wikidata.org/entity/Q220,1971-1980,11.0,Lazio,12.0,12.0,Centro,2012.0,2007-2026,456,politico,giornalista,mancante,Fratelli d'Italia,456,giornalista,Destra/Centro Destra
http://www.wikidata.org/entity/Q52419629,Vincenzo Spadafora,1974.0,maschio,Afragola,POINT (14.316667 40.916667),http://www.wikidata.org/entity/Q71610,1971-1980,14.0,Campania,15.0,15.0,Sud,2009.0,2007-2026,484,politico,mancante,mancante,Movimento 5 Stelle,484,mancante,Centro
http://www.wikidata.org/entity/Q3893547,Paola De Micheli,1973.0,femmina,Piacenza,POINT (9.7 45.05),http://www.wikidata.org/entity/Q13329,1971-1980,7.0,Emilia-Romagna,8.0,8.0,Nord,2008.0,2007-2026,397,politico,mancante,mancante,Partito Democratico,397,mancante,Sinistra/Centro Sinistra
http://www.wikidata.org/entity/Q6680716,Lorenzo Fontana,1980.0,maschio,Verona,POINT (10.992778 45.438611),http://www.wikidata.org/entity/Q2028,1971-1980,4.0,Veneto,5.0,5.0,Nord,2015.0,2007-2026,527,politico,mancante,mancante,Lega Nord,527,mancante,Destra/Centro Destra
http://www.wikidata.org/entity/Q16560401,Giulia Grillo,1975.0,femmina,Catania,POINT (15.087269 37.502669),http://www.wikidata.org/entity/Q1903,1971-1980,18.0,Sicilia,19.0,19.0,Sud,2010.0,2007-2026,95,politico,mancante,mancante,Movimento 5 Stelle,95,mancante,Centro
http://www.wikidata.org/entity/Q52990196,Alessandra Locatelli,1976.0,femmina,Como,POINT (9.086139 45.81025),http://www.wikidata.org/entity/Q1308,1971-1980,2.0,Lombardia,3.0,3.0,Nord,2011.0,2007-2026,486,politico,mancante,mancante,Lega Nord,486,mancante,Destra/Centro Destra
http://www.wikidata.org/entity/Q67125948,Paola Pisano,1977.0,femmina,Torino,POINT (7.676111 45.079167),http://www.wikidata.org/entity/Q495,1971-1980,0.0,Piemonte,1.0,1.0,Nord,2012.0,2007-2026,528,politico,mancante,mancante,indipendente,528,mancante,indipendente
http://www.wikidata.org/entity/Q47563,Matteo Renzi,1975.0,maschio,Firenze,POINT (11.254167 43.771389),http://www.wikidata.org/entity/Q2044,1971-1980,8.0,Toscana,9.0,9.0,Centro,2010.0,2007-2026,468,politico,mancante,mancante,Italia Viva,468,mancante,Centro
http://www.wikidata.org/entity/Q67126683,Elena Bonetti,1974.0,femmina,Asola,POINT (10.416667 45.216667),http://www.wikidata.org/entity/Q42288,1971-1980,2.0,Lombardia,3.0,3.0,Nord,2009.0,2007-2026,529,politico,professore-universitario,mancante,Italia Viva,529,professore,Centro
http://www.wikidata.org/entity/Q3879474,Nunzia De Girolamo,1975.0,femmina,Benevento,POINT (14.783333 41.133333),http://www.wikidata.org/entity/Q13437,1971-1980,14.0,Campania,15.0,15.0,Sud,2010.0,2007-2026,392,politico,avvocato,conduttore-televisivo,Forza Italia,392,avvocato,Destra/Centro Destra
http://www.wikidata.org/entity/Q3847714,Marianna Madia,1980.0,femmina,Roma,POINT (12.482778 41.893056),http://www.wikidata.org/entity/Q220,1971-1980,11.0,Lazio,12.0,12.0,Centro,2015.0,2007-2026,366,politico,mancante,mancante,Partito Democratico,366,mancante,Sinistra/Centro Sinistra
http://www.wikidata.org/entity/Q3741557,Federica Mogherini,1973.0,femmina,Roma,POINT (12.482778 41.893056),http://www.wikidata.org/entity/Q220,1971-1980,11.0,Lazio,12.0,12.0,Centro,2008.0,2007-2026,267,politico,autore,mancante,Partito Democratico,267,accademico,Sinistra/Centro Sinistra
http://www.wikidata.org/entity/Q56433809,Francesco Lollobrigida,1972.0,maschio,Tivoli,POINT (12.8 41.966667),http://www.wikidata.org/entity/Q159605,1971-1980,11.0,Lazio,12.0,12.0,Centro,2007.0,2007-2026,508,politico,mancante,mancante,Fratelli d'Italia,508,mancante,Destra/Centro Destra
http://www.wikidata.org/entity/Q55281792,Stefano Patuanelli,1974.0,maschio,Trieste,POINT (13.770278 45.650278),http://www.wikidata.org/entity/Q546,1971-1980,5.0,Friuli-Venezia Giulia,6.0,6.0,Nord,2009.0,2007-2026,503,politico,mancante,mancante,Movimento 5 Stelle,503,mancante,Centro
http://www.wikidata.org/entity/Q266651,Mara Carfagna,1975.0,femmina,Salerno,POINT (14.759444 40.680556),http://www.wikidata.org/entity/Q1083,1971-1980,14.0,Campania,15.0,15.0,Sud,2010.0,2007-2026,142,politico,danzatore,modello,Forza Italia,142,altro,Destra/Centro Destra
http://www.wikidata.org/entity/Q466712,Mariastella Gelmini,1973.0,femmina,Leno,POINT (10.216667 45.370278),http://www.wikidata.org/entity/Q104963,1971-1980,2.0,Lombardia,3.0,3.0,Nord,2008.0,2007-2026,463,politico,avvocato,mancante,Forza Italia,463,avvocato,Destra/Centro Destra
http://www.wikidata.org/entity/Q54250006,Giuseppe Provenzano,1982.0,maschio,San Cataldo,POINT (13.983333 37.483333),http://www.wikidata.org/entity/Q477744,1981-1990,18.0,Sicilia,19.0,19.0,Sud,2017.0,2007-2026,493,politico,mancante,mancante,Partito Democratico,493,mancante,Sinistra/Centro Sinistra
http://www.wikidata.org/entity/Q15117583,Luca Lotti,1982.0,maschio,Empoli,POINT (10.95 43.716667),http://www.wikidata.org/entity/Q6697,1981-1990,8.0,Toscana,9.0,9.0,Centro,2017.0,2007-2026,71,politico,mancante,mancante,Partito Democratico,71,mancante,Sinistra/Centro Sinistra
http://www.wikidata.org/entity/Q15143059,Maria Elena Boschi,1981.0,femmina,Montevarchi,POINT (11.567867 43.523397),http://www.wikidata.org/entity/Q52089,1981-1990,8.0,Toscana,9.0,9.0,Centro,2016.0,2007-2026,72,politico,avvocato,giurista,Italia Viva,72,avvocato,Centro
http://www.wikidata.org/entity/Q9035872,Riccardo Fraccaro,1981.0,maschio,Montebelluna,POINT (12.038889 45.775278),http://www.wikidata.org/entity/Q46806,1981-1990,4.0,Veneto,5.0,5.0,Nord,2016.0,2007-2026,561,politico,avvocato,mancante,Movimento 5 Stelle,561,avvocato,Centro
http://www.wikidata.org/entity/Q15936524,Fabiana Dadone,1984.0,femmina,Cuneo,POINT (7.55 44.383333),http://www.wikidata.org/entity/Q5968,1981-1990,0.0,Piemonte,1.0,1.0,Nord,2019.0,2007-2026,90,politico,mancante,mancante,Movimento 5 Stelle,90,mancante,Centro
http://www.wikidata.org/entity/Q13581225,Luigi Di Maio,1986.0,maschio,Avellino,POINT (14.789722 40.915278),http://www.wikidata.org/entity/Q13433,1981-1990,14.0,Campania,15.0,15.0,Sud,2021.0,2007-2026,50,politico,giornalista-pubblicista,mancante,Movimento 5 Stelle,50,giornalista,Centro
http://www.wikidata.org/entity/Q55280662,Lucia Azzolina,1982.0,femmina,Siracusa,POINT (15.2875 37.069167),http://www.wikidata.org/entity/Q13670,1981-1990,18.0,Sicilia,19.0,19.0,Sud,2017.0,2007-2026,502,politico,insegnante,mancante,Movimento 5 Stelle,502,professore,Centro
